"","Dog breed","category","popularity ranking (1-173, 1 = most popular)","intelligence ranking","intelligence category","repetitions to understand new commands","obey first command (% of time)","life expectancy (years)","survey sample size","congenital ailments: summary / areas affected","No.","congenital ailments: detail","cuteness rating (adults)","total lifetime cost, $","average price (US $)","price bracket","lowest (US$)","highest (US$)","food per week, average, £","min, £","max, £","food per week, $","food per lifetime, $","total per lifetime, $","total  per year, $","total, per year, £","toys, presents, treats, per year, £","pet sitters, per year, £","grooming, per year, £","vet fees per year, £","kennels per year, £","one offs, $","grooming required","suitability for children","size category","weight (kg)","weight (lbs)","shoulder height (cm)","shoulder height (in)","note","source","link",""
"1","Affenpinscher","toy","139.0","37.0","Above average","15-25",">70","11.42","21.0","none","0.0","none","4.0","14803.44858","510","budget","200.0","800.0","4","4.0","4.0","4.97266","2963.044245","11130.40433","974.64136","784","121.0","126.0","244.0","177.0","116.0","200.0","week","medium","small",NA,NA,"26.035","10.25",NA,NA,NA,NA
"2","Afghan Hound","hound","88.0","80.0","Lowest","80-100","<25","11.92","154.0","none","0.0","none","2.0","19473.16973","890","mid-price","450.0","1000.0","8.75","7.5","10.0","10.87769375","6765.444718","11617.72501","974.64136","784","121.0","126.0","244.0","177.0","116.0","200.0","day","high","large","24.94758035","55","66.04","26",NA,NA,NA,NA
"3","Airedale Terrier","terrier","55.0","29.0","Above average","15-25",">70","11.45","307.0","hip problems","1.0","hip dysplasia","4.0",NA,"732.5","mid-price","475.0","1200.0",NA,NA,NA,NA,NA,"11159.64357","974.64136","784","121.0","126.0","244.0","177.0","116.0","200.0","-","-","medium",NA,NA,"58.42","23.0",NA,NA,NA,NA
"4","Akita","working","47.0","54.0","Average","25-40",">50","10.16","192.0","hip problems","1.0","hip dysplasia","2.0","17070.37621","1201.5","mid-price","565.0","1800.0","8.75","7.5","10.0","10.87769375","5766.519995","9902.356218","974.64136","784","121.0","126.0","244.0","177.0","116.0","200.0","week","low","large",NA,NA,"66.04","26",NA,NA,NA,NA
"5","Alaskan Malamute","working","58.0","50.0","Average","25-40",">50","10.67","14.0","hip problems, dwarfism","2.0","Hip dysplasia, Osteochondrodysplasia - skeletal dwarfism","3.0","17864.90445","1209.5","mid-price","550.0","2350.0","8.75","7.5","10.0","10.87769375","6055.981136","10399.42331","974.64136","784","121.0","126.0","244.0","177.0","116.0","200.0","day","medium","large","36.2873896","80","60.96","24","Longevity based on UK KC Survey 2004","UK Kennel Club survey 2004","http://www.thekennelclub.org.uk/item/549",NA
"6","American English Coonhound","hound","33.0",NA,NA,NA,NA,NA,"-",NA,NA,NA,"2.0",NA,"283.3333333","budget","100.0","350.0",NA,NA,NA,NA,NA,NA,"974.64136","784","121.0","126.0","244.0","177.0","116.0","200.0","-","-","large",NA,NA,"62.23","24.5","6 dogs for sale only",NA,NA,NA
"7","American Eskimo Dog","non-sporting","116.0",NA,NA,NA,NA,NA,"-","none","0.0","none","3.0",NA,"560","budget","300.0","950.0",NA,NA,NA,NA,NA,NA,"974.64136","784","121.0","126.0","244.0","177.0","116.0","200.0","-","-","small",NA,NA,"35.56","14",NA,NA,NA,NA
"8","American Foxhound","hound","173.0","46.0","Average","25-40",">50",NA,"-",NA,NA,NA,"3.0",NA,"757.1428571","mid-price","250.0","1000.0",NA,NA,NA,NA,NA,NA,"974.64136","784","121.0","126.0","244.0","177.0","116.0","200.0","-","-","medium",NA,NA,"58.42","23","Price: only 7 puppies listed for this breed",NA,NA,NA
"9","American Staffordshire Terrier","terrier","72.0","34.0","Above average","15-25",">70",NA,"-","skin problems","1.0","Demodicosis/ Demodectic mange","1.0",NA,"1043","mid-price","250.0","1500.0",NA,NA,NA,NA,NA,NA,"974.64136","784","121.0","126.0","244.0","177.0","116.0","200.0","-","-","medium",NA,NA,"45.72","18",NA,NA,NA,NA
"10","American Water Spaniel","sporting","157.0","44.0","Average","25-40",">50",NA,"-","none","0.0","none","3.0",NA,"730","mid-price","600.0","1250.0",NA,NA,NA,NA,NA,NA,"974.64136","784","121.0","126.0","244.0","177.0","116.0","200.0","-","-","medium","15.87573295","35","41.91","16.5",NA,NA,NA,NA
"11","Anatolian Shepherd Dog","working","111.0",NA,NA,NA,NA,"10.75","23.0",NA,NA,NA,"3.0",NA,"685.10625","budget",NA,NA,"8.75","7.5","10.0","10.87769375","6101.386806","10477.39462","974.64136","784","121.0","126.0","244.0","177.0","116.0","200.0","week","medium","large","52.16312255","115","71.12","28",NA,NA,NA,NA
"12","Australian Cattle Dog","herding","60.0","10.0","Brightest","<5",">95","11.67","11.0","hip problems","1.0","hip dysplasia","2.0","16456.68456","530","budget","250.0","1000.0","5.75","4.0","7.5","7.14819875","4352.619887","11374.06467","974.64136","784","121.0","126.0","244.0","177.0","116.0","200.0","week","low","medium",NA,NA,"46.99","18.5",NA,NA,NA,NA
"13","Australian Shepherd","herding","24.0","42.0","Average","25-40",">50","12.28","641.0","deafness, hip problems","2.0","deafness, hip dysplasia","3.0","17313.73062","565","budget","250.0","1000.0","5.75","4.0","7.5","7.14819875","4580.134723","11968.5959","974.64136","784","121.0","126.0","244.0","177.0","116.0","200.0","week","medium","medium",NA,NA,"52.07","20.5",NA,NA,NA,NA
"14","Australian Terrier","terrier","121.0","34.0","Above average","15-25",">70","11.05","241.0","none","0.0","none","4.0","14476.83072","640","budget","200.0","900.0","4","4.0","4.0","4.97266","2867.043687","10769.78703","974.64136","784","121.0","126.0","244.0","177.0","116.0","200.0","week","medium","small",NA,NA,"26.67","10.5",NA,NA,NA,NA
"15","Basenji","hound","93.0","79.0","Lowest","80-100","<25","13.58","46.0","kidney, eye problems, anaemia","3.0","Fanconi syndrome, Persistent pupillary membranes (PPM), Pyruvate kinase (PK) deficiency","3.0","17899.1096","940","mid-price","600.0","1200.0","4","4.0","4.0","4.97266","3523.479934","13235.62967","974.64136","784","121.0","126.0","244.0","177.0","116.0","200.0","week","medium","medium","10.43262451","23","41.91","16.5",NA,NA,NA,NA
"16","Basset Hound","hound","41.0","71.0","Lowest","80-100","<25","11.43","152.0","blood, skin disorders","2.0","Platelet dysfunction (thrombocytopathia, Basset hound thrombopathia), seborrhea","5.0","14795.2896","489.5","budget","150.0","1000.0","4","4.0","4.0","4.97266","2965.638855","11140.15074","974.64136","784","121.0","126.0","244.0","177.0","116.0","200.0","week","high","small",NA,NA,"35.56","14.0",NA,NA,NA,NA
"17","Beagle","hound","3.0","73.0","Lowest","80-100","<25","12.3","303.0","heart problems","1.0","Pulmonic stenosis","5.0","15666.95862","287.5","budget","100.0","600.0","4","4.0","4.0","4.97266","3191.369896","11988.08873","974.64136","784","121.0","126.0","244.0","177.0","116.0","200.0","day","high","small",NA,NA,"35.56","14",NA,NA,NA,NA
"18","Bearded Collie","herding","112.0","34.0","Above average","15-25",">70","12.77","551.0","none","0.0","none","5.0",NA,"675","budget",NA,NA,"5.75","4.0","7.5","7.14819875","4762.892541","12446.17017","974.64136","784","121.0","126.0","244.0","177.0","116.0","200.0","day","high","medium",NA,NA,"53.34","21",NA,NA,NA,NA
"19","Beauceron","herding","144.0",NA,NA,NA,NA,NA,"-",NA,NA,NA,"2.0",NA,"966.6666667","mid-price","950.0","1000.0",NA,NA,NA,NA,NA,NA,"974.64136","784","121.0","126.0","244.0","177.0","116.0","200.0","-","-","large",NA,NA,"65.405","25.75","3 dogs for sale only",NA,NA,NA
"20","Bedlington Terrier","terrier","134.0","40.0","Average","25-40",">50","13.51","54.0","liver, eye problems","2.0","Chronic hepatitis, Retinal dysplasia","2.0","17931.05577","1058.333333","mid-price","250.0","1800.0","4","4.0","4.0","4.97266","3505.317666","13167.40477","974.64136","784","121.0","126.0","244.0","177.0","116.0","200.0","week","medium","small","9.0718474","20",NA,NA,"Price: only 6 puppies for breed",NA,NA,NA
"21","Belgian Malinois","herding","74.0","22.0","Excellent","5-15",">85",NA,"-","none","0.0","none","3.0",NA,"1080","mid-price","550.0","2000.0","5.75","4.0","7.5","7.14819875",NA,NA,"974.64136","784","121.0","126.0","244.0","177.0","116.0","200.0","week","high","large",NA,NA,"60.96","24",NA,NA,NA,NA
"22","Belgian Shepherd Dog","herding","118.0","15.0","Excellent","5-15",">85",NA,"-","cataracts + other eye problems, muscular dystrophy","4.0","Cataracts, Pannus - chronic superficial keratitis, Progressive retinal atrophy, X-linked muscular dystrophy","3.0",NA,"1200.0","mid-price",NA,NA,NA,NA,NA,NA,NA,NA,"974.64136","784","121.0","126.0","244.0","177.0","116.0","200.0","-","-","large",NA,NA,"60.96","24",NA,NA,NA,NA
"23","Belgian Shepherd Dog (Tervuren)","herding","108.0","14.0","Excellent","5-15",">85","10.6","105.0","epilepsy, eye problems","2.0","Idiopathic epilepsy, Pannus - chronic superficial keratitis","3.0","15554.7349","1070","mid-price","850.0","1200.0","5.75","4.0","7.5","7.14819875","3953.536487","10331.19842","974.64136","784","121.0","126.0","244.0","177.0","116.0","200.0","week","high","large",NA,NA,"60.96","24",NA,NA,NA,NA
"24","Bernese Mountain Dog","working","34.0","22.0","Excellent","5-15",">85","7.56","701.0","meningitis, elbow + hip problems, complex immune disorder","4.0","Meningitis, Elbow dysplasia - OCD of the elbow, Hip dysplasia, Histiocytosis","4.0","13179.12443","1320","mid-price","750.0","2500.0","8.75","7.5","10.0","10.87769375","4290.835744","7368.288682","974.64136","784","121.0","126.0","244.0","177.0","116.0","200.0","day","high","large",NA,NA,"64.135","25.25",NA,NA,NA,NA
"25","Bichon Frise","non-sporting","39.0","45.0","Average","25-40",">50","12.21","146.0","none","0.0","none","6.0","15960.88941","692.5","budget","250.0","1500.0","4","4.0","4.0","4.97266","3168.018409","11900.37101","974.64136","784","121.0","126.0","244.0","177.0","116.0","200.0","day","high","small",NA,NA,"26.67","10.5",NA,NA,NA,NA
"26","Black and Tan Coonhound","hound","109.0","44.0","Average","25-40",">50",NA,"-","none","0.0","none","4.0",NA,"325","budget","200.0","500.0",NA,NA,NA,NA,NA,NA,"974.64136","784","121.0","126.0","244.0","177.0","116.0","200.0","-","-","large",NA,NA,"63.5","25",NA,NA,NA,NA
"27","Black Russian Terrier","working","128.0",NA,NA,NA,NA,"1.83 - really?","4.0","none","0.0","none","3.0",NA,"2833.333333","high-end","2500.0","3000.0",NA,NA,NA,NA,NA,NA,"974.64136","784","121.0","126.0","244.0","177.0","116.0","200.0","-","-","large",NA,NA,"71.12","28","3 dogs for sale only",NA,NA,NA
"28","Bloodhound","hound","48.0","75.0","Lowest","80-100","<25","6.75","82.0","fatal stomach bloat, skin problems","2.0","Gastric dilatation-volvulus, Hip dysplasia","5.0","11217.43252","607.5","budget","200.0","1000.0","8.75","7.5","10.0","10.87769375","3831.103343","6578.82918","974.64136","784","121.0","126.0","244.0","177.0","116.0","200.0","week","medium","large","38.55535145","85","63.5","25",NA,NA,NA,NA
"29","Bluetick Coonhound","hound","136.0",NA,NA,NA,NA,NA,"-","none","0.0","none","3.0",NA,"370","budget","200.0","500.0",NA,NA,NA,NA,NA,NA,"974.64136","784","121.0","126.0","244.0","177.0","116.0","200.0","-","-","large","28.34952313","62.5","60.96","24",NA,NA,NA,NA
"30","Border Collie","herding","45.0","1.0","Brightest","<5",">95","12.52","164.0","eye problems, deafness","2.0","Collie eye anomaly, deafness","3.0","16273.46114","622.5","budget","175.0","1050.0","4","4.0","4.0","4.97266","3248.451309","12202.50983","974.64136","784","121.0","126.0","244.0","177.0","116.0","200.0","week","low","medium",NA,NA,"50.8","20",NA,NA,NA,NA
"31","Border Terrier","terrier","80.0","30.0","Above average","15-25",">70","14.0","177.0","none","0.0","none","4.0","18310.76591","833.3333333","mid-price","250.0","1200.0","4","4.0","4.0","4.97266","3632.45354","13644.97904","974.64136","784","121.0","126.0","244.0","177.0","116.0","200.0","week","high","small","6.123496995","13.5",NA,NA,NA,NA,NA,NA
"32","Borzoi","hound","102.0","76.0","Lowest","80-100","<25","9.08","87.0","none","0.0","none","2.0","13111.35782","675","budget","300.0","1250.0","5.75","4.0","7.5","7.14819875","3386.614274","8849.743549","974.64136","784","121.0","126.0","244.0","177.0","116.0","200.0","day","medium","large","37.42137053","82.5","71.12","28.0","At least 28 in tall (males), 26 (females)",NA,NA,NA
"33","Boston Terrier","non-sporting","22.0","54.0","Average","25-40",">50","10.92","42.0","breathing problems","1.0","brachycephalic syndrome","4.0","14366.39741","690","budget","400.0","1050.0","4","4.0","4.0","4.97266","2833.313761","10643.08365","974.64136","784","121.0","126.0","244.0","177.0","116.0","200.0","week","high","medium","NA (3 classes)","NA (3 classes)",NA,NA,NA,NA,NA,NA
"34","Bouvier des Flandres","herding","83.0","29.0","Above average","15-25",">70","10.34","1079.0","hip problems","1.0","hip dysplasia","3.0","15469.35461","1335","mid-price","800.0","2500.0","5.75","4.0","7.5","7.14819875","3856.56295","10077.79166","974.64136","784","121.0","126.0","244.0","177.0","116.0","200.0","week","high","large",NA,NA,"64.77","25.5",NA,NA,NA,NA
"35","Boxer","working","7.0","48.0","Average","25-40",">50","8.81","2112.0","eye, nerve, heart problems","4.0","Corneal dystrophy, Degenerative myelopathy, Dilated cardiomyopathy, Subaortic stenosis","5.0","12772.50137","700","mid-price","300.0","2500.0","5.75","4.0","7.5","7.14819875","3285.910986","8586.590382","974.64136","784","121.0","126.0","244.0","177.0","116.0","200.0","week","high","medium",NA,NA,"59.055","23.25",NA,NA,NA,NA
"36","Boykin Spaniel","sporting","138.0",NA,NA,NA,NA,NA,"-",NA,NA,NA,"3.0",NA,"531.25","budget","200.0","800.0",NA,NA,NA,NA,NA,NA,"974.64136","784","121.0","126.0","244.0","177.0","116.0","200.0","-","-","medium",NA,NA,"40.64","16",NA,NA,NA,NA
"37","Briard","herding","125.0","30.0","Above average","15-25",">70","11.17","71.0","hip problems","1.0","hip dysplasia","4.0","15902.87631","650","budget","500.0","800.0","5.75","4.0","7.5","7.14819875","4166.132317","10886.74399","974.64136","784","121.0","126.0","244.0","177.0","116.0","200.0","day","high","large",NA,NA,"62.23","24.5","Only 2 puppies for sale",NA,NA,NA
"38","Brittany","sporting","30.0","19.0","Excellent","5-15",">85","12.92","28.0","none","0.0","none","4.0","18228.70518","617.5","budget","300.0","1200.0","5.75","4.0","7.5","7.14819875","4818.838812","12592.36637","974.64136","784","121.0","126.0","244.0","177.0","116.0","200.0","week","medium","medium","15.87573295","35","48.26","19",NA,NA,NA,NA
"39","Brussels Griffon","toy","77.0","59.0","Fair","40-80",">30","12.0","71.0","none","0.0","none","5.0","15841.72793","832.5","mid-price","500.0","1500.0","4","4.0","4.0","4.97266","3113.531606","11695.69632","974.64136","784","121.0","126.0","244.0","177.0","116.0","200.0","week","low","small","4.08233133","9",NA,NA,NA,NA,NA,NA
"40","Bull Terrier","terrier","51.0","66.0","Fair","40-80",">30","10.21","225.0","heart problems, zinc metabolism disorder","2.0","lethal acrodermatitis, Mitral valve dysplasia","1.0","15044.16447","1085","mid-price","300.0","1750.0","5.75","4.0","7.5","7.14819875","3808.076182","9951.088286","974.64136","784","121.0","126.0","244.0","177.0","116.0","200.0","week","medium","medium","27.2155422","60","54.61","21.5",NA,NA,NA,NA
"41","Bulldog","non-sporting","6.0","78.0","Lowest","80-100","<25","6.29","197.0","breathing, hip, heart problems, 'dry eye'","5.0","brachycephalic syndrome, Hip dysplasia, Keratoconjunctivitis sicca (KCS) - ""dry eye"", Pulmonic stenosis, Ventricular septal defect (VSD)","1.0","11356.50779","2680","high-end","1500.0","5500.0","5.75","4.0","7.5","7.14819875","2346.013632","6130.494154","974.64136","784","121.0","126.0","244.0","177.0","116.0","200.0","week","medium","medium","20.41165665","45",NA,NA,"English bulldog",NA,NA,NA
"42","Bullmastiff","working","40.0","69.0","Fair","40-80",">30","7.57","103.0","eye, hip problems","2.0","Entropion, Hip dysplasia","4.0","11381.45691","980","mid-price","600.0","1600.0","5.75","4.0","7.5","7.14819875","2823.421812","7378.035095","974.64136","784","121.0","126.0","244.0","177.0","116.0","200.0","week","high","large","52.16312255","115","64.77","25.5",NA,NA,NA,NA
"43","Cairn Terrier","terrier","59.0","35.0","Above average","15-25",">70","13.84","156.0","'lion jaw', heart problems","2.0","Craniomandibular osteopathy (""lion jaw""), Mitral valve dysplasia","4.0","17714.97621","435","budget","300.0","600.0","4","4.0","4.0","4.97266","3590.939785","13489.03642","974.64136","784","121.0","126.0","244.0","177.0","116.0","200.0","week","high","small","6.35029318","14.0","25.4","10.0",NA,NA,NA,NA
"44","Canaan Dog","herding","168.0",NA,NA,NA,NA,"14.67","2.0","none","0.0","none","3.0",NA,"2012.0","high-end",NA,NA,"5.75","4.0","7.5","7.14819875","5471.545308","14297.98875","974.64136","784","121.0","126.0","244.0","177.0","116.0","200.0","week","high","medium","20.41165665","45","54.61","21.5",NA,NA,NA,NA
"45","Cane Corso","working","67.0",NA,NA,NA,NA,NA,"-",NA,NA,NA,"1.0",NA,"1070","mid-price","900.0","1500.0",NA,NA,NA,NA,NA,NA,"974.64136","784","121.0","126.0","244.0","177.0","116.0","200.0","-","-","large",NA,NA,"63.5","25",NA,NA,NA,NA
"46","Cardigan Welsh Corgi","herding","81.0","26.0","Excellent","5-15",">85","12.7","53.0","none","0.0","none","4.0",NA,"828","mid-price","395.0","1085.0",NA,NA,NA,NA,NA,"12377.94527","974.64136","784","121.0","126.0","244.0","177.0","116.0","200.0","-","-","small","14.28815966","31.5","29.21","11.5",NA,NA,NA,NA
"47","Cavalier King Charles Spaniel","toy","21.0","44.0","Average","25-40",">50","11.29","829.0","heart, spinal problems","2.0","Mitral valve dysplasia, Chiari-like malformation (CM) and syringomyelia (SM)","5.0","15149.57083","1016.555556","mid-price","100.0","1800.0","4","4.0","4.0","4.97266","2929.314319","11003.70095","974.64136","784","121.0","126.0","244.0","177.0","116.0","200.0","week","high","small","7.030681735","15.5","31.75","12.5",NA,NA,NA,NA
"48","Cesky Terrier","terrier","106.0",NA,NA,NA,NA,"8.42","9.0",NA,NA,NA,"2.0",NA,NA,NA,NA,NA,"5.75","4.0","7.5","7.14819875","3140.450681","8206.480251","974.64136","784","121.0","126.0","244.0","177.0","116.0","200.0","week","high","small","8.61825503","19","29.21","11.5",NA,NA,NA,NA
"49","Chesapeake Bay Retriever","sporting","46.0","27.0","Above average","15-25",">70","9.48","776.0","hip problems","1.0","hip dysplasia","3.0","13497.40442","522","budget","175.0","795.0","5.75","4.0","7.5","7.14819875","3535.80433","9239.600093","974.64136","784","121.0","126.0","244.0","177.0","116.0","200.0","week","high","large","30.61748498","67.5","59.69","23.5",NA,NA,NA,NA
"50","Chihuahua","toy","14.0","67.0","Fair","40-80",">30",NA,"-","knee problems","1.0","Patellar luxation","6.0",NA,"587.5","budget","200.0","1500.0","4","4.0","4.0","4.97266",NA,NA,"974.64136","784","121.0","126.0","244.0","177.0","116.0","200.0","week","low","small","2.494758035","5.5",NA,NA,"weight should not exceed 6 pounds",NA,NA,NA
"51","Chinese Crested","toy","61.0","61.0","Fair","40-80",">30","10.08","829.0",NA,NA,NA,"2.0",NA,"537.5","budget","125.0","1300.0",NA,NA,NA,NA,NA,"9824.384909","974.64136","784","121.0","126.0","244.0","177.0","116.0","200.0","-","-","small",NA,NA,"30.48","12",NA,NA,NA,NA
"52","Chinese Shar Pei","non-sporting","50.0","51.0","Average","25-40",">50",NA,"-","canine hay fever, skin, eye, hip problems","4.0","Atopy, Demodicosis/ Demodectic mange, Entropion, Hip dysplasia","4.0",NA,"840","mid-price","350.0","2000.0",NA,NA,NA,NA,NA,NA,"974.64136","784","121.0","126.0","244.0","177.0","116.0","200.0","-","-","medium","23.81359943","52.5","48.26","19",NA,NA,NA,NA
"53","Chow Chow","non-sporting","68.0","77.0","Lowest","80-100","<25","9.01","38.0","eye, hip problems","2.0","Entropion, Hip dysplasia","5.0","12857.02467","515","budget","200.0","750.0","5.75","4.0","7.5","7.14819875","3360.506014","8781.518654","974.64136","784","121.0","126.0","244.0","177.0","116.0","200.0","day","medium","medium",NA,NA,"46.99","18.5",NA,NA,NA,NA
"54","Clumber Spaniel","sporting","133.0","37.0","Above average","15-25",">70","10.0","301.0","none","0.0","none","2.0","14709.49834","1033.333333","mid-price","800.0","1500.0","5.75","4.0","7.5","7.14819875","3729.751403","9746.4136","974.64136","784","121.0","126.0","244.0","177.0","116.0","200.0","week","high","medium","31.7514659","70","46.99","18.5",NA,NA,NA,NA
"55","Cocker Spaniel","sporting","27.0","20.0","Excellent","5-15",">85",NA,"-","eye, skin problems","2.0","Retinal dysplasia, seborrhea","5.0",NA,"465","budget","250.0","800.0",NA,NA,NA,NA,NA,NA,"974.64136","784","121.0","126.0","244.0","177.0","116.0","200.0","-","-","small",NA,NA,"36.83","14.5","American cocker spaniel",NA,NA,NA
"56","Collie","herding","36.0","16.0","Excellent","5-15",">85",NA,"-","eye, skin and muscle disorders","2.0","Collie eye anomaly (CEA), Dermatomyositis and ulcerative dermatosis","3.0",NA,"650","budget","350.0","950.0",NA,NA,NA,NA,NA,NA,"974.64136","784","121.0","126.0","244.0","177.0","116.0","200.0","-","-","large","28.34952313","62.5","60.96","24",NA,NA,NA,NA
"57","Curly Coated Retriever","sporting","154.0","41.0","Average","25-40",">50","10.75","40.0","none","0.0","none","3.0",NA,NA,NA,NA,NA,"8.75","7.5","10.0","10.87769375","6101.386806","10477.39462","974.64136","784","121.0","126.0","244.0","177.0","116.0","200.0","week","medium","large",NA,NA,"63.5","25",NA,NA,NA,NA
"58","Dachshund","hound","9.0","49.0","Average","25-40",">50","12.63","265.0","skin, spinal problems","2.0","acanthosis nigricans, Intervertebral disk disease","4.0","16209.21239","422.5","budget","125.0","750.0","4","4.0","4.0","4.97266","3276.992015","12309.72038","974.64136","784","121.0","126.0","244.0","177.0","116.0","200.0","week","low","small","10.88621688","24",NA,NA,NA,NA,NA,NA
"59","Dalmatian","non-sporting","73.0","39.0","Above average","15-25",">70","11.27","404.0","deafness, urinary stones","2.0","Deafness, Urolithiasis (stones)","4.0","16082.63796","695","budget","350.0","1000.0","5.75","4.0","7.5","7.14819875","4203.429831","10984.20813","974.64136","784","121.0","126.0","244.0","177.0","116.0","200.0","week","high","medium",NA,NA,"53.34","21",NA,NA,NA,NA
"60","Dandie Dinmont Terrier","terrier","160.0","62.0","Fair","40-80",">30","12.17","62.0","none","0.0","none","5.0","17525.49281","925","mid-price","850.0","1000.0","5.75","4.0","7.5","7.14819875","4539.107457","11861.38535","974.64136","784","121.0","126.0","244.0","177.0","116.0","200.0","day","high","small","9.52543977","21","22.86","9","Only 2 for sale",NA,NA,NA
"61","Doberman Pinscher","working","13.0","5.0","Brightest","<5",">95","10.33","201.0","heart, spine, blood clotting disorders","4.0","Dilated cardiomyopathy, Cervical vertebral instability (Wobbler syndrome), Intervertebral disk disease, von Willebrand's disease","2.0","14910.37845","789.5","mid-price","300.0","1200.0","5.75","4.0","7.5","7.14819875","3852.833199","10068.04525","974.64136","784","121.0","126.0","244.0","177.0","116.0","200.0","week","medium","large",NA,NA,"66.04","26",NA,NA,NA,NA
"62","English Cocker Spaniel","sporting","63.0","18.0","Excellent","5-15",">85","11.66","1199.0","none","0.0","none","5.0","15389.63313","800","mid-price","600.0","1000.0","4","4.0","4.0","4.97266","3025.314877","11364.31826","974.64136","784","121.0","126.0","244.0","177.0","116.0","200.0","week","high","medium","13.6077711","30","40.64","16",NA,NA,NA,NA
"63","English Foxhound","hound","171.0","46.0","Average","25-40",">50",NA,"-","none","0.0","none","3.0",NA,NA,NA,NA,NA,NA,NA,NA,NA,NA,NA,"974.64136","784","121.0","126.0","244.0","177.0","116.0","200.0","-","-","large",NA,NA,"60.96","24.0",NA,NA,NA,NA
"64","English Setter","sporting","87.0","37.0","Above average","15-25",">70","11.57","402.0","deafness, hip problems","2.0","deafness, hip dysplasia","3.0","16406.92291","615","budget","250.0","1000.0","5.75","4.0","7.5","7.14819875","4315.322373","11276.60054","974.64136","784","121.0","126.0","244.0","177.0","116.0","200.0","week","high","large",NA,NA,"62.23","24.5",NA,NA,NA,NA
"65","English Springer Spaniel","sporting","29.0","13.0","Excellent","5-15",">85","12.54","194.0","hip, eye, skin problems; enzyme deficiency","4.0","Hip dysplasia, Phosphofructokinase (PFK) deficiency, Retinal dysplasia, seborrhea","4.0","17714.11091","615","budget","450.0","1500.0","5.75","4.0","7.5","7.14819875","4677.108259","12222.00265","974.64136","784","121.0","126.0","244.0","177.0","116.0","200.0","week","high","medium","20.41165665","45","49.53","19.5",NA,NA,NA,NA
"66","English Toy Spaniel","toy","129.0","45.0","Average","25-40",">50","10.1","22.0","none","0.0","none","5.0",NA,"925","mid-price","150.0","1500.0",NA,NA,NA,NA,NA,"9843.877736","974.64136","784","121.0","126.0","244.0","177.0","116.0","200.0","-","-","small","4.98951607","11",NA,NA,NA,NA,NA,NA
"67","Entlebucher Mountain Dog","herding","146.0",NA,NA,NA,NA,NA,"-",NA,NA,NA,"3.0",NA,"1166.666667","mid-price","1000.0","1300.0",NA,NA,NA,NA,NA,NA,"974.64136","784","121.0","126.0","244.0","177.0","116.0","200.0","-","-","medium",NA,NA,"46.99","18.5","3 dogs for sale only",NA,NA,NA
"68","Field Spaniel","sporting","141.0","34.0","Above average","15-25",">70","9.9","139.0","none","0.0","none","5.0",NA,NA,NA,NA,NA,"5.75","4.0","7.5","7.14819875","3692.453889","9648.949464","974.64136","784","121.0","126.0","244.0","177.0","116.0","200.0","day","medium","medium",NA,NA,"44.45","17.5",NA,NA,NA,NA
"69","Finnish Lapphund","herding","104.0",NA,NA,NA,NA,"7.33","5.0",NA,NA,NA,"3.0",NA,NA,NA,NA,NA,"5.75","4.0","7.5","7.14819875","2733.907778","7144.121169","974.64136","784","121.0","126.0","244.0","177.0","116.0","200.0","day","high","medium",NA,NA,"46.99","18.5",NA,NA,NA,NA
"70","Finnish Spitz","non-sporting","167.0","43.0","Average","25-40",">50","11.17","42.0","none","0.0","none","3.0",NA,NA,NA,NA,NA,"5.75","4.0","7.5","7.14819875","4166.132317","10886.74399","974.64136","784","121.0","126.0","244.0","177.0","116.0","200.0","week","high","medium",NA,NA,"45.085","17.75",NA,NA,NA,NA
"71","Flat-Coated Retriever","sporting","90.0","18.0","Excellent","5-15",">85","9.02","1198.0","none","0.0","none","4.0","12955.50083","600","budget","300.0","1200.0","5.75","4.0","7.5","7.14819875","3364.235765","8791.265067","974.64136","784","121.0","126.0","244.0","177.0","116.0","200.0","day","high","medium",NA,NA,"59.055","23.25","Price: 3 dogs only",NA,NA,NA
"72","French Bulldog","non-sporting","18.0","58.0","Fair","40-80",">30","9.0","71.0","none","0.0","none","1.0","14228.5485","1900","high-end","1300.0","3500.0","5.75","4.0","7.5","7.14819875","3356.776263","8771.77224","974.64136","784","121.0","126.0","244.0","177.0","116.0","200.0","week","high","medium","12.24699399","27.0",NA,NA,"must weigh 28 pounds or less",NA,NA,NA
"73","German Pinscher","working","137.0",NA,NA,NA,NA,"11.42","24.0",NA,NA,NA,"2.0",NA,"1500.0","high-end","1500.0","1500.0",NA,NA,NA,NA,NA,"11130.40433","974.64136","784","121.0","126.0","244.0","177.0","116.0","200.0","-","-","medium",NA,NA,"46.99","18.5","only one dog for sale",NA,NA,NA
"74","German Shepherd","herding","2.0","3.0","Brightest","<5",">95","9.73","795.0","nerves, pancreas, blood (hemophilia), hip joints","8.0","Degenerative myelopathy (nerve disorder), Exocrine pancreatic insufficiency, Hemophilia, Hip dysplasia, Renal cystadenocarcinoma and nodular dermatofibrosis, Pannus - chronic superficial keratitis, Panosteitis, Perianal fistula

","3.0","14131.80855","819.5","mid-price","400.0","1495.0","5.75","4.0","7.5","7.14819875","3629.048115","9483.260433","974.64136","784","121.0","126.0","244.0","177.0","116.0","200.0","week","medium","large",NA,NA,"60.96","24",NA,NA,NA,NA
"75","German Shorthaired Pointer","sporting","15.0","17.0","Excellent","5-15",">85","11.46","203.0","hip problems","1.0","hip dysplasia","4.0",NA,"545","budget","200.0","850.0",NA,NA,NA,NA,NA,"11169.38999","974.64136","784","121.0","126.0","244.0","177.0","116.0","200.0","-","-","large","28.34952313","62.5","60.96","24",NA,NA,NA,NA
"76","German Wirehaired Pointer","sporting","75.0","44.0","Average","25-40",">50","10.0","41.0","hip problems","1.0","hip dysplasia","3.0",NA,"655","budget","600.0","800.0",NA,NA,NA,NA,NA,"9746.4136","974.64136","784","121.0","126.0","244.0","177.0","116.0","200.0","-","-","large",NA,NA,"60.96","24",NA,NA,NA,NA
"77","Giant Schnauzer","working","95.0","28.0","Above average","15-25",">70","10.0","39.0","hip problems","1.0","hip dysplasia","4.0",NA,"810","mid-price","400.0","1500.0",NA,NA,NA,NA,NA,"9746.4136","974.64136","784","121.0","126.0","244.0","177.0","116.0","200.0","-","-","large",NA,NA,"64.77","25.5",NA,NA,NA,NA
"78","Glen of Imaal Terrier","terrier","158.0",NA,NA,NA,NA,"10.42","6.0",NA,NA,NA,"5.0",NA,NA,NA,NA,NA,NA,NA,NA,NA,NA,"10155.76297","974.64136","784","121.0","126.0","244.0","177.0","116.0","200.0","-","-","small","15.87573295","35.0","33.655","13.25",NA,NA,NA,NA
"79","Golden Retriever","sporting","4.0","4.0","Brightest","<5",">95","12.04","1314.0","elbows, hips, eyes, heart","4.0","elbow dysplasia, hip dysplasia, retinal dysplasia, subaortic stenosis","4.0","17383.636","958.3333333","mid-price","325.0","2500.0","5.75","4.0","7.5","7.14819875","4490.620689","11734.68197","974.64136","784","121.0","126.0","244.0","177.0","116.0","200.0","week","high","medium","27.2155422","60","57.785","22.75",NA,NA,NA,NA
"80","Gordon Setter","sporting","94.0","34.0","Above average","15-25",">70","11.1","169.0","hip problems","1.0","hip dysplasia","5.0","15858.54315","700","mid-price","500.0","100.0","5.75","4.0","7.5","7.14819875","4140.024057","10818.5191","974.64136","784","121.0","126.0","244.0","177.0","116.0","200.0","week","high","large","28.34952313","62.5","63.5","25","3 dogs only",NA,NA,NA
"81","Great Dane","working","19.0","48.0","Average","25-40",">50","6.96","667.0","heart, spinal, hip problems, fatal stomach bloat","4.0","Dilated cardiomyopathy, Cervical vertebral instability (Wobbler syndrome), Gastric dilatation-volvulus, Hip dysplasia","3.0","11973.79709","1040","mid-price","500.0","2500.0","8.75","7.5","10.0","10.87769375","3950.293225","6783.503866","974.64136","784","121.0","126.0","244.0","177.0","116.0","200.0","week","high","large",NA,NA,"76.2","30","min height for males",NA,NA,NA
"82","Great Pyrenees","working","71.0","64.0","Fair","40-80",">30","10.0","454.0","hip problems","1.0","hip dysplasia","3.0",NA,"502.5","budget","225.0","800.0",NA,NA,NA,NA,NA,"9746.4136","974.64136","784","121.0","126.0","244.0","177.0","116.0","200.0","-","-","large",NA,NA,"72.39","28.5","Excludes death from accidents (10.47%), euthanasia for temperament problems (9.13%), and dogs euthanized within 8 weeks of birth (2.23%).   With those included, median longevity would probably be about 9 yrs.",NA,NA,NA
"83","Greater Swiss Mountain Dog","working","82.0",NA,NA,NA,NA,"6.8","71.0","hip problems","1.0","hip dysplasia","3.0",NA,"1605","high-end","900.0","2500.0",NA,NA,NA,NA,NA,"6627.561248","974.64136","784","121.0","126.0","244.0","177.0","116.0","200.0","-","-","large",NA,NA,"66.04","26",NA,NA,NA,NA
"84","Greyhound","hound","140.0","46.0","Average","25-40",">50","9.36","74.0","blood vessel disorders","1.0","familial vasculopathy","2.0","12926.19778","1175","mid-price","200.0","2500.0","4","4.0","4.0","4.97266","2428.554653","9122.64313","974.64136","784","121.0","126.0","244.0","177.0","116.0","200.0","week","high","large","29.48350405","65",NA,NA,NA,NA,NA,NA
"85","Harrier","hound","172.0",NA,NA,NA,NA,NA,"-","none","0.0","none","3.0",NA,NA,NA,NA,NA,NA,NA,NA,NA,NA,NA,"974.64136","784","121.0","126.0","244.0","177.0","116.0","200.0","-","-","medium",NA,NA,"50.8","20",NA,NA,NA,NA
"86","Havanese","toy","31.0",NA,NA,NA,NA,"10.25","3.0","none","0.0","none","6.0",NA,"829.5","mid-price","300.0","1500.0",NA,NA,NA,NA,NA,"9990.07394","974.64136","784","121.0","126.0","244.0","177.0","116.0","200.0","-","-","small",NA,NA,"24.765","9.75",NA,NA,NA,NA
"87","Ibizan Hound","hound","149.0","53.0","Average","25-40",">50",NA,"-","none","0.0","none","2.0",NA,"1500.0","high-end","1500.0","1500.0","5.75","4.0","7.5","7.14819875",NA,NA,"974.64136","784","121.0","126.0","244.0","177.0","116.0","200.0","week","high","large",NA,NA,"63.5","25","Only 2 puppies for sale",NA,NA,NA
"88","Icelandic Sheepdog","herding","143.0",NA,NA,NA,NA,NA,"-",NA,NA,NA,"3.0",NA,NA,NA,NA,NA,NA,NA,NA,NA,NA,NA,"974.64136","784","121.0","126.0","244.0","177.0","116.0","200.0","-","-","medium",NA,NA,"43.815","17.25",NA,NA,NA,NA
"89","Irish Red and White Setter","sporting","147.0",NA,NA,NA,NA,"11.57","199.0",NA,NA,NA,"3.0",NA,"1000.0","mid-price","1000.0","1000.0",NA,NA,NA,NA,NA,"11276.60054","974.64136","784","121.0","126.0","244.0","177.0","116.0","200.0","-","-","large",NA,NA,"61.595","24.25","only 2 dogs for sale",NA,NA,NA
"90","Irish Setter","sporting","70.0","35.0","Above average","15-25",">70","11.63","922.0","hip, eye problems","2.0","Hip dysplasia, Progressive retinal atrophy","3.0","16397.7799","525","budget","300.0","1000.0","5.75","4.0","7.5","7.14819875","4337.700881","11335.07902","974.64136","784","121.0","126.0","244.0","177.0","116.0","200.0","week","high","large","29.48350405","65","66.04","26",NA,NA,NA,NA
"91","Irish Terrier","terrier","132.0","53.0","Average","25-40",">50",NA,"-","none","0.0","none","4.0",NA,"587.6","budget","400.0","850.0","5.75","4.0","7.5","7.14819875",NA,NA,"974.64136","784","121.0","126.0","244.0","177.0","116.0","200.0","week","high","medium","11.79340162","26","45.72","18",NA,NA,NA,NA
"92","Irish Water Spaniel","sporting","150.0","24.0","Excellent","5-15",">85","9.33","95.0","hip problems","1.0","hip dysplasia","4.0",NA,NA,NA,NA,NA,"8.75","7.5","10.0","10.87769375","5295.436176","9093.403889","974.64136","784","121.0","126.0","244.0","177.0","116.0","200.0","week","high","medium","24.94758035","55","57.15","22.5",NA,NA,NA,NA
"93","Irish Wolfhound","hound","79.0","41.0","Average","25-40",">50","6.94","121.0","heart, liver, hip problems","3.0","Dilated cardiomyopathy, Hip dysplasia, Portosystemic shunt","2.0","15049.81604","1333.333333","mid-price","800.0","1550.0","15","15.0","15.0","18.647475","6752.47167","6764.011038","974.64136","784","121.0","126.0","244.0","177.0","116.0","200.0","week","high","large",NA,NA,"81.28","32",NA,NA,NA,NA
"94","Italian Greyhound","toy","65.0","60.0","Fair","40-80",">30","10.02","203.0","none","0.0","none","5.0","13365.70532","800","mid-price","500.0","120.0","4","4.0","4.0","4.97266","2599.798891","9765.906427","974.64136","784","121.0","126.0","244.0","177.0","116.0","200.0","week","low","small",NA,NA,"35.56","14",NA,NA,NA,NA
"95","Japanese Chin","toy","78.0","62.0","Fair","40-80",">30","9.25","38.0","none","0.0","none","6.0",NA,"512.5","budget","200.0","800.0",NA,NA,NA,NA,NA,"9015.43258","974.64136","784","121.0","126.0","244.0","177.0","116.0","200.0","-","-","small",NA,NA,"24.13","9.5",NA,NA,NA,NA
"96","Keeshond","non-sporting","98.0","16.0","Excellent","5-15",">85","12.17","104.0","hip problems","1.0","hip dysplasia","5.0",NA,"610","budget","350.0","1000.0",NA,NA,NA,NA,NA,"11861.38535","974.64136","784","121.0","126.0","244.0","177.0","116.0","200.0","-","-","medium",NA,NA,"44.45","17.5",NA,NA,NA,NA
"97","Kerry Blue Terrier","terrier","124.0","35.0","Above average","15-25",">70","9.4","353.0","heart problems","1.0","Patent ductus arteriosus (PDA)","3.0","14067.5951","1200","mid-price","900.0","1500.0","5.75","4.0","7.5","7.14819875","3505.966319","9161.628784","974.64136","784","121.0","126.0","244.0","177.0","116.0","200.0","day","medium","medium","16.55612151","36.5","46.99","18.5",NA,NA,NA,NA
"98","Komondor","working","166.0",NA,NA,NA,NA,"9.17","10.0","hip problems","1.0","hip dysplasia","2.0",NA,"656.25","budget","500.0","850.0",NA,NA,NA,NA,NA,"8937.461271","974.64136","784","121.0","126.0","244.0","177.0","116.0","200.0","-","-","large","45.359237","100.0","69.85","27.5",NA,NA,NA,NA
"99","Kuvasz","working","148.0","42.0","Average","25-40",">50",NA,"-","hip problems","1.0","hip dysplasia","4.0",NA,NA,NA,NA,NA,NA,NA,NA,NA,NA,NA,"974.64136","784","121.0","126.0","244.0","177.0","116.0","200.0","-","-","large","41.95729423","92.5","71.12","28",NA,NA,NA,NA
"100","Labrador Retriever","sporting","1.0","7.0","Brightest","<5",">95","12.04","1101.0","elbows, hips, eyes","3.0","elbow dysplasia, hip dysplasia, retinal dysplasia","4.0","17235.20266","809.9","mid-price","299.0","1500.0","5.75","4.0","7.5","7.14819875","4490.620689","11734.68197","974.64136","784","121.0","126.0","244.0","177.0","116.0","200.0","week","high","medium","30.61748498","67.5","58.42","23",NA,NA,NA,NA
"101","Lakeland Terrier","terrier","135.0","62.0","Fair","40-80",">30",NA,"-","none","0.0","none","4.0",NA,"1092.5","mid-price","575.0","1600.0","5.75","4.0","7.5","7.14819875",NA,NA,"974.64136","784","121.0","126.0","244.0","177.0","116.0","200.0","week","high","small","7.71107029","17.0","36.83","14.5",NA,NA,NA,NA
"102","Leonberger","working","103.0",NA,NA,NA,NA,"6.98","125.0",NA,NA,NA,"3.0","12444.64133","1480","mid-price","700.0","1800.0","8.75","7.5","10.0","10.87769375","3961.644642","6802.996693","974.64136","784","121.0","126.0","244.0","177.0","116.0","200.0","week","high","large",NA,NA,"72.39","28.5","5 dogs for sale only",NA,NA,NA
"103","Lhasa Apso","non-sporting","62.0","68.0","Fair","40-80",">30","13.92","91.0","'dry eye'","1.0","Keratoconjunctivitis sicca (KCS) - ""dry eye""","6.0","17728.70439","350","budget","175.0","550.0","4","4.0","4.0","4.97266","3611.696663","13567.00773","974.64136","784","121.0","126.0","244.0","177.0","116.0","200.0","week","high","small","6.80388555","15","26.67","10.5",NA,NA,NA,NA
"104","Löwchen","non-sporting","152.0",NA,NA,NA,NA,"10.0","9.0","none","0.0","none","5.0",NA,NA,NA,NA,NA,NA,NA,NA,NA,NA,"9746.4136","974.64136","784","121.0","126.0","244.0","177.0","116.0","200.0","-","-","small",NA,NA,"33.02","13",NA,NA,NA,NA
"105","Maltese","toy","23.0","59.0","Fair","40-80",">30","12.25","42.0","heart problems","1.0","Patent ductus arteriosus (PDA)","6.0",NA,"649.5","budget","300.0","1000.0",NA,NA,NA,NA,NA,"11939.35666","974.64136","784","121.0","126.0","244.0","177.0","116.0","200.0","-","-","small","2.26796185","5",NA,NA,NA,NA,NA,NA
"106","Manchester Terrier","terrier","119.0","32.0","Above average","15-25",">70","9.32","142.0","none","0.0","none","2.0",NA,"720","mid-price","140.0","1500.0",NA,NA,NA,NA,NA,"9083.657475","974.64136","784","121.0","126.0","244.0","177.0","116.0","200.0","-","-","small","7.71107029","17",NA,NA,"only 7 puppies for sale. weight for standard (not miniature)",NA,NA,NA
"107","Mastiff","working","28.0","72.0","Lowest","80-100","<25","6.5","94.0","hip, heart problems","2.0","Hip dysplasia, Pulmonic stenosis","3.0",NA,"900","mid-price","150.0","1200.0",NA,NA,NA,NA,NA,"6335.16884","974.64136","784","121.0","126.0","244.0","177.0","116.0","200.0","-","-","large",NA,NA,"76.2","30.0","min weight for dogs",NA,NA,NA
"108","Miniature Bull Terrier","terrier","127.0",NA,NA,NA,NA,"6.6","73.0","none","0.0","none","1.0",NA,"1739.6","high-end","999.0","2800.0",NA,NA,NA,NA,NA,"6432.632976","974.64136","784","121.0","126.0","244.0","177.0","116.0","200.0","-","-","small",NA,NA,"30.48","12",NA,NA,NA,NA
"109","Miniature Pinscher","toy","42.0","37.0","Above average","15-25",">70",NA,"-","none","0.0","none","3.0",NA,"534.5","budget","300.0","900.0",NA,NA,NA,NA,NA,NA,"974.64136","784","121.0","126.0","244.0","177.0","116.0","200.0","-","-","small",NA,NA,"28.575","11.25",NA,NA,NA,NA
"110","Miniature Schnauzer","terrier","12.0","12.0","Excellent","5-15",">85","11.81","232.0","liver, sinus problems","2.0","Portosystemic shunt, Sick sinus syndrome","3.0",NA,"714.5","mid-price","200.0","1600.0",NA,NA,NA,NA,NA,"11510.51446","974.64136","784","121.0","126.0","244.0","177.0","116.0","200.0","-","-","small",NA,NA,"33.02","13",NA,NA,NA,NA
"111","Neapolitan Mastiff","working","110.0",NA,NA,NA,NA,NA,"-","hip problems","1.0","hip dysplasia","1.0",NA,"1760","high-end","850.0","3500.0","15","15.0","15.0","18.647475",NA,NA,"974.64136","784","121.0","126.0","244.0","177.0","116.0","200.0","week","high","large","58.9670081","130","69.85","27.5",NA,NA,NA,NA
"112","Newfoundland","working","43.0","34.0","Above average","15-25",">70","9.32","340.0","hip problems, heart defects","2.0","subaortic stenosis, hip dysplasia","4.0","15750.91794","1177.5","mid-price","500.0","2000.0","8.75","7.5","10.0","10.87769375","5289.760468","9083.657475","974.64136","784","121.0","126.0","244.0","177.0","116.0","200.0","week","high","large","56.69904625","125","68.58","27",NA,NA,NA,NA
"113","Norfolk Terrier","terrier","120.0","56.0","Fair","40-80",">30","13.07","324.0","none","0.0","none","5.0","19896.68099","2083.333333","high-end","250.0","2500.0","5.75","4.0","7.5","7.14819875","4874.785083","12738.56258","974.64136","784","121.0","126.0","244.0","177.0","116.0","200.0","week","medium","small","5.44310844","12.0","24.13","9.5","price: 9 puppies only",NA,NA,NA
"114","Norwegian Buhund","herding","165.0",NA,NA,NA,NA,"12.67","17.0",NA,NA,NA,"3.0",NA,NA,NA,NA,NA,NA,NA,NA,NA,NA,"12348.70603","974.64136","784","121.0","126.0","244.0","177.0","116.0","200.0","-","-","medium","14.96854821","33","43.815","17.25",NA,NA,NA,NA
"115","Norwegian Elkhound","hound","96.0","36.0","Above average","15-25",">70",NA,"-","hip problems","1.0","hip dysplasia","2.0",NA,"448","budget","350.0","500.0",NA,NA,NA,NA,NA,NA,"974.64136","784","121.0","126.0","244.0","177.0","116.0","200.0","-","-","medium","23.36000706","51.5","50.8","20","price: 5 puppies only",NA,NA,NA
"116","Norwegian Lundehund","non-sporting","170.0",NA,NA,NA,NA,NA,"-",NA,NA,NA,"3.0",NA,NA,NA,NA,NA,NA,NA,NA,NA,NA,NA,"974.64136","784","121.0","126.0","244.0","177.0","116.0","200.0","-","-","small",NA,NA,"34.29","13.5",NA,NA,NA,NA
"117","Norwich Terrier","terrier","89.0","38.0","Above average","15-25",">70",NA,"-","none","0.0","none","4.0",NA,"1245","mid-price","750.0","2000.0","5.75","4.0","7.5","7.14819875",NA,NA,"974.64136","784","121.0","126.0","244.0","177.0","116.0","200.0","week","medium","small","5.44310844","12.0","25.4","10.0",NA,NA,NA,NA
"118","Nova Scotia Duck Tolling Retriever","sporting","107.0",NA,NA,NA,NA,"6.5","150.0","hip problems","1.0","hip dysplasia","3.0","10459.50725","1500","high-end","1500.0","1500.0","5.75","4.0","7.5","7.14819875","2424.338412","6335.16884","974.64136","784","121.0","126.0","244.0","177.0","116.0","200.0","week","high","medium",NA,NA,"48.26","19","4 dogs for sale only",NA,NA,NA
"119","Old English Sheepdog","herding","84.0","63.0","Fair","40-80",">30","11.19","111.0","hip problems","1.0","hip dysplasia","5.0","18288.8548","831.5","mid-price","500.0","1000.0","8.75","7.5","10.0","10.87769375","6351.117987","10906.23682","974.64136","784","121.0","126.0","244.0","177.0","116.0","200.0","day","high","medium",NA,NA,"55.88","22.0",NA,NA,NA,NA
"120","Otterhound","hound","169.0","46.0","Average","25-40",">50","10.8","41.0","hip problems","1.0","hip dysplasia","3.0",NA,NA,NA,NA,NA,"5.75","4.0","7.5","7.14819875","4028.131515","10526.12669","974.64136","784","121.0","126.0","244.0","177.0","116.0","200.0","week","high","large","44.22525608","97.5","64.77","25.5",NA,NA,NA,NA
"121","Papillon","toy","38.0","8.0","Brightest","<5",">95","13.0","100.0","cataracts, hair loss, heart, eye, blood clotting disorders","5.0","Cataracts, Follicular dysplasias, Mitral valve dysplasia, Progressive retinal atrophy, von Willebrand's disease","6.0","16983.33025","740","mid-price","400.0","1000.0","4","4.0","4.0","4.97266","3372.992573","12670.33768","974.64136","784","121.0","126.0","244.0","177.0","116.0","200.0","week","medium","small",NA,NA,"24.13","9.5",NA,NA,NA,NA
"122","Parson Russell Terrier","terrier","97.0",NA,NA,NA,NA,NA,"-","none","0.0","none","4.0",NA,"527.5","budget","150.0","850.0","5.75","4.0","7.5","7.14819875",NA,NA,"974.64136","784","121.0","126.0","244.0","177.0","116.0","200.0","week","medium","small","6.80388555","15","34.29","13.5",NA,NA,NA,NA
"123","Pekingese","toy","64.0","74.0","Lowest","80-100","<25","11.56","94.0","knee problems","1.0","Patellar luxation","6.0","16663.44674","885","mid-price","200.0","3800.0","5.75","4.0","7.5","7.14819875","4311.592622","11266.85412","974.64136","784","121.0","126.0","244.0","177.0","116.0","200.0","n/a","medium","small","5.89670081","13.0",NA,NA,"to weigh no more than 14 pounds",NA,NA,NA
"124","Pembroke Welsh Corgi","herding","25.0","11.0","Excellent","5-15",">85","12.25","116.0","cataracts + other eye problems, connective tissue, nerves, kidneys, spine, blood clotting disorders","9.0","Cataracts, Corneal dystrophy, Cutaneous asthenia (Ehlers-Danlos syndrome), Degenerative myelopathy, Familial kidney disease, Intervertebral disk disease, Persistent pupillary membranes (PPM), Retinal dysplasia, von Willebrand's disease","4.0",NA,"586.5","budget","375.0","750.0",NA,NA,NA,NA,NA,"11939.35666","974.64136","784","121.0","126.0","244.0","177.0","116.0","200.0","-","-","small","11.79340162","26","27.94","11",NA,NA,NA,NA
"125","Petit Basset Griffon Vendeen","hound","131.0","62.0","Fair","40-80",">30","12.7","45.0","none","0.0","none","5.0",NA,"400","budget","250.0","700.0",NA,NA,NA,NA,NA,"12377.94527","974.64136","784","121.0","126.0","244.0","177.0","116.0","200.0","-","-","small",NA,NA,"35.56","14","price: 3 puppies for sale only",NA,NA,NA
"126","Pharaoh Hound","hound","151.0","37.0","Above average","15-25",">70","11.83","15.0","none","0.0","none","2.0","17054.8032","912.5","mid-price","475.0","1000.0","5.75","4.0","7.5","7.14819875","4412.295909","11530.00729","974.64136","784","121.0","126.0","244.0","177.0","116.0","200.0","week","medium","medium",NA,NA,"58.42","23","price: 6 puppies for sale only",NA,NA,NA
"127","Plott","hound","145.0",NA,NA,NA,NA,NA,"-","none","0.0","none","3.0",NA,NA,NA,NA,NA,NA,NA,NA,NA,NA,NA,"974.64136","784","121.0","126.0","244.0","177.0","116.0","200.0","-","-","medium","22.6796185","50","57.15","22.5",NA,NA,NA,NA
"128","Pointer","sporting","115.0","43.0","Average","25-40",">50","12.42","145.0","hip problems","1.0","hip dysplasia","3.0","19648.02584","293.75","budget","50.0","500.0","8.75","7.5","10.0","10.87769375","7049.230151","12105.04569","974.64136","784","121.0","126.0","244.0","177.0","116.0","200.0","week","high","large","26.98874602","59.5","64.77","25.5","English Pointer. price: 8 puppies for sale only",NA,NA,NA
"129","Polish Lowland Sheepdog","herding","159.0",NA,NA,NA,NA,"10.8","30.0",NA,NA,NA,"4.0",NA,NA,NA,NA,NA,"5.75","4.0","7.5","7.14819875","4028.131515","10526.12669","974.64136","784","121.0","126.0","244.0","177.0","116.0","200.0","week","medium","medium",NA,NA,"46.99","18.5",NA,NA,NA,NA
"130","Pomeranian","toy","17.0","23.0","Excellent","5-15",">85","9.67","29.0","heart problems","1.0","Patent ductus arteriosus (PDA)","6.0","12803.7695","670","budget","200.0","1500.0","4","4.0","4.0","4.97266","2508.987552","9424.781951","974.64136","784","121.0","126.0","244.0","177.0","116.0","200.0","week","medium","small","2.26796185","5",NA,NA,NA,NA,NA,NA
"131","Poodle","non-sporting","8.0","2.0","Brightest","<5",">95","11.95","1178.0","fatal stomach bloat, skin disorder","2.0","Gastric dilatation-volvulus (serious stomach disorder), sebaceous adenitis (skin disorder)","3.0","17204.01718","900","mid-price","500.0","1500.0","5.75","4.0","7.5","7.14819875","4457.052926","11646.96425","974.64136","784","121.0","126.0","244.0","177.0","116.0","200.0","week","medium","medium",NA,NA,"40.64","16.0","15 in is min height for standard poodle",NA,NA,NA
"132","Portuguese Water Dog","working","56.0",NA,NA,NA,NA,"11.42","6.0","none","0.0","none","4.0",NA,NA,NA,NA,NA,NA,NA,NA,NA,NA,"11130.40433","974.64136","784","121.0","126.0","244.0","177.0","116.0","200.0","-","-","medium","21.54563758","47.5","50.8","20",NA,NA,NA,NA
"133","Pug","toy","26.0","57.0","Fair","40-80",">30","11.0","163.0","'dry eye'","1.0","Keratoconjunctivitis sicca (KCS) - ""dry eye""","1 or 6 depending on taste",NA,"469.4","budget","250.0","699.0",NA,NA,NA,NA,NA,"10721.05496","974.64136","784","121.0","126.0","244.0","177.0","116.0","200.0","-","-","medium",NA,NA,"40.64","16",NA,NA,NA,NA
"134","Puli","herding","156.0","27.0","Above average","15-25",">70",NA,"-","none","0.0","none","5.0",NA,"912.5","mid-price","700.0","1000.0",NA,NA,NA,NA,NA,NA,"974.64136","784","121.0","126.0","244.0","177.0","116.0","200.0","-","-","medium",NA,NA,"41.91","16.5",NA,NA,NA,NA
"135","Pyrenean Shepherd","herding","162.0",NA,NA,NA,NA,NA,"-",NA,NA,NA,"3.0",NA,NA,NA,NA,NA,NA,NA,NA,NA,NA,NA,"974.64136","784","121.0","126.0","244.0","177.0","116.0","200.0","-","-","medium",NA,NA,"45.72","18",NA,NA,NA,NA
"136","Redbone Coonhound","hound","126.0",NA,NA,NA,NA,NA,"-","none","0.0","none","3.0",NA,"425","budget","300.0","700.0",NA,NA,NA,NA,NA,NA,"974.64136","784","121.0","126.0","244.0","177.0","116.0","200.0","-","-","large",NA,NA,"60.96","24",NA,NA,NA,NA
"137","Rhodesian Ridgeback","hound","44.0","52.0","Average","25-40",">50","9.1","10.0","birth defects, hip problems","2.0","dermoid sinus, Hip dysplasia","3.0","13458.31015","995","mid-price","750.0","1300.0","5.75","4.0","7.5","7.14819875","3394.073777","8869.236376","974.64136","784","121.0","126.0","244.0","177.0","116.0","200.0","week","medium","large","35.15340868","77.5","64.77","25.5",NA,NA,NA,NA
"138","Rottweiler","working","10.0","9.0","Brightest","<5",">95","9.11","654.0","heart, elbow, hip problems","3.0","Subaortic stenosis, Elbow dysplasia - OCD of the elbow, Hip dysplasia","2.0","15367.05338","1117.5","mid-price","300.0","1800.0","8.75","7.5","10.0","10.87769375","5170.570586","8878.98279","974.64136","784","121.0","126.0","244.0","177.0","116.0","200.0","week","medium","large",NA,NA,"62.23","24.5",NA,NA,NA,NA
"139","Saint Bernard","working","49.0","65.0","Fair","40-80",">30","7.78","93.0","heart, hip disorders, fatal stomach bloat","3.0","Dilated cardiomyopathy, Gastric dilatation-volvulus, Hip dysplasia","4.0","16227.4835","875","mid-price","450.0","1500.0","15","15.0","15.0","18.647475","7569.773717","7582.709781","974.64136","784","121.0","126.0","244.0","177.0","116.0","200.0","day","high","large","70.30681735","155","67.31","26.5",NA,NA,NA,NA
"140","Saluki","hound","117.0","43.0","Average","25-40",">50","12.0","132.0","none","0.0","none","2.0","20231.54671","1525","high-end","1000.0","1800.0","8.75","7.5","10.0","10.87769375","6810.850388","11695.69632","974.64136","784","121.0","126.0","244.0","177.0","116.0","200.0","day","high","medium",NA,NA,"58.42","23.0","lower end of range for males (23-28). females smaller",NA,NA,NA
"141","Samoyed","working","69.0","33.0","Above average","15-25",">70","12.44","232.0","hip problems","1.0","hip dysplasia","4.0","20547.12009","1162","mid-price","795.0","1400.0","8.75","7.5","10.0","10.87769375","7060.581569","12124.53852","974.64136","784","121.0","126.0","244.0","177.0","116.0","200.0","week","high","medium",NA,NA,"53.975","21.25",NA,NA,NA,NA
"142","Schipperke","non-sporting","105.0","15.0","Excellent","5-15",">85","13.0","36.0","hair loss, diabetes, skin problems","4.0","colour dilution alopecia, Diabetes mellitus, Follicular dysplasias, Pemphigus","3.0",NA,"657.5","budget","300.0","975.0",NA,NA,NA,NA,NA,"12670.33768","974.64136","784","121.0","126.0","244.0","177.0","116.0","200.0","-","-","small",NA,NA,"29.21","11.5",NA,NA,NA,NA
"143","Scottish Deerhound","hound","142.0","47.0","Average","25-40",">50","8.7","300.0","heart problems, fatal stomach bloat","2.0","Dilated cardiomyopathy, Gastric dilatation-volvulus","2.0",NA,NA,NA,NA,NA,NA,NA,NA,NA,NA,"8479.379832","974.64136","784","121.0","126.0","244.0","177.0","116.0","200.0","-","-","large","41.95729423","92.5",NA,NA,NA,NA,NA,NA
"144","Scottish Terrier","terrier","54.0","65.0","Fair","40-80",">30","10.69","342.0","blood clotting disorder","1.0","von Willebrand's disease","4.0","14221.55388","829","mid-price","400.0","2200.0","4","4.0","4.0","4.97266","2773.637739","10418.91614","974.64136","784","121.0","126.0","244.0","177.0","116.0","200.0","day","medium","small","9.0718474","20","25.4","10",NA,NA,NA,NA
"145","Sealyham Terrier","terrier","163.0","56.0","Fair","40-80",">30","12.25","12.0","eye problems","1.0","Retinal dysplasia","4.0",NA,NA,NA,NA,NA,NA,NA,NA,NA,NA,"11939.35666","974.64136","784","121.0","126.0","244.0","177.0","116.0","200.0","-","-","small","10.88621688","24.0","26.67","10.5",NA,NA,NA,NA
"146","Shetland Sheepdog","herding","20.0","6.0","Brightest","<5",">95","12.53","439.0","eye problems, deafness, skin + heart problems, blood clotting disorders","5.0","Collie eye anomaly (CEA), deafness, Dermatomyositis and ulcerative dermatosis, Patent ductus arteriosus (PDA), von Willebrand's disease","4.0",NA,"465","budget","150.0","1000.0",NA,NA,NA,NA,NA,"12212.25624","974.64136","784","121.0","126.0","244.0","177.0","116.0","200.0","-","-","small",NA,NA,"36.83","14.5",NA,NA,NA,NA
"147","Shiba Inu","non-sporting","53.0",NA,NA,NA,NA,"7.0","3.0","hip problems","1.0","hip dysplasia","3.0",NA,"890","mid-price","650.0","1400.0",NA,NA,NA,NA,NA,"6822.48952","974.64136","784","121.0","126.0","244.0","177.0","116.0","200.0","-","-","small","9.0718474","20","38.1","15",NA,NA,NA,NA
"148","Shih Tzu","toy","11.0","70.0","Lowest","80-100","<25","13.2","97.0","eye problems","1.0","Exposure keratopathy syndrome (exophthalmos, lagophthalmos, and/or macroblepharon)","6.0","17072.65072","582.5","budget","275.0","1200.0","4","4.0","4.0","4.97266","3424.884766","12865.26595","974.64136","784","121.0","126.0","244.0","177.0","116.0","200.0","day","high","small","5.669904625","12.5","24.765","9.75",NA,NA,NA,NA
"149","Siberian Husky","working","16.0","45.0","Average","25-40",">50","12.58","129.0","none","0.0","none","2.0","17803.01557","650","budget","450.0","1000.0","5.75","4.0","7.5","7.14819875","4692.027265","12260.98831","974.64136","784","121.0","126.0","244.0","177.0","116.0","200.0","-","high","medium","21.54563758","47.5","55.245","21.75","Longevity based on UK KC Survey 2004","UK Kennel Club survey 2004","http://www.thekennelclub.org.uk/item/549",NA
"150","Silky Terrier","toy","85.0","37.0","Above average","15-25",">70","14.25","3.0","none","0.0","none","4.0",NA,"447.5","budget","250.0","500.0",NA,NA,NA,NA,NA,"13888.63938","974.64136","784","121.0","126.0","244.0","177.0","116.0","200.0","-","-","small","4.5359237","10.0","24.13","9.5",NA,NA,NA,NA
"151","Skye Terrier","terrier","164.0","55.0","Fair","40-80",">30","11.0","37.0","none","0.0","none","4.0",NA,"550","budget","500.0","600.0",NA,NA,NA,NA,NA,"10721.05496","974.64136","784","121.0","126.0","244.0","177.0","116.0","200.0","-","-","small","18.1436948","40","24.765","9.75",NA,NA,NA,NA
"152","Smooth Fox Terrier","terrier","113.0","40.0","Average","25-40",">50","13.17","44.0","none","0.0","none","3.0",NA,"575","budget","450.0","750.0",NA,NA,NA,NA,NA,"12836.02671","974.64136","784","121.0","126.0","244.0","177.0","116.0","200.0","-","-","small","7.937866475","17.5","38.1","15.0","Longevity: All fox terriers. Size: a full-sized, well balanced dog should not exceed 15½ inches at the withers--the bitch being proportionately lower. A dog with these measurements should scale 18 pounds in show condition--a bitch weighing some two pounds less-with a margin of one pound either way.",NA,NA,NA
"153","Soft-Coated Wheaten Terrier","terrier","52.0","40.0","Average","25-40",">50","12.16","345.0","none","0.0","none","4.0",NA,"831.5","mid-price","675.0","1000.0",NA,NA,NA,NA,NA,"11851.63894","974.64136","784","121.0","126.0","244.0","177.0","116.0","200.0","-","-","medium","15.87573295","35","45.72","18",NA,NA,NA,NA
"154","Spinone Italiano","sporting","123.0",NA,NA,NA,NA,"9.0","47.0",NA,NA,NA,"3.0",NA,"1725","high-end","1100.0","2000.0",NA,NA,NA,NA,NA,"8771.77224","974.64136","784","121.0","126.0","244.0","177.0","116.0","200.0","-","-","large",NA,NA,"62.23","24.5","4 dogs for sale only",NA,NA,NA
"155","Staffordshire Bull Terrier","terrier","76.0","49.0","Average","25-40",">50","12.05","157.0","hip problems","1.0","hip dysplasia","1.0","17583.67883","1144.9","mid-price","500.0","1500.0","5.75","4.0","7.5","7.14819875","4494.35044","11744.42839","974.64136","784","121.0","126.0","244.0","177.0","116.0","200.0","week","high","medium","14.06136347","31","38.1","15",NA,NA,NA,NA
"156","Standard Schnauzer","working","91.0","18.0","Excellent","5-15",">85",NA,"-","hip problems","1.0","hip dysplasia","3.0",NA,"855","mid-price","50.0","1500.0",NA,NA,NA,NA,NA,NA,"974.64136","784","121.0","126.0","244.0","177.0","116.0","200.0","-","-","medium",NA,NA,"46.99","18.5",NA,NA,NA,NA
"157","Sussex Spaniel","sporting","161.0",NA,NA,NA,NA,"11.17","42.0","none","0.0","none","4.0",NA,NA,NA,NA,NA,"5.75","4.0","7.5","7.14819875","4166.132317","10886.74399","974.64136","784","121.0","126.0","244.0","177.0","116.0","200.0","week","low","small","18.1436948","40","35.56","14",NA,NA,NA,NA
"158","Swedish Vallhund","herding","153.0",NA,NA,NA,NA,"14.17","7.0",NA,NA,NA,"3.0","18459.4522","772.2222222","mid-price","550.0","1000.0","4","4.0","4.0","4.97266","3676.561905","13810.66807","974.64136","784","121.0","126.0","244.0","177.0","116.0","200.0","week","high","small",NA,NA,"31.75","12.5",NA,NA,NA,NA
"159","Tibetan Mastiff","working","122.0",NA,NA,NA,NA,"11.92","10.0",NA,NA,NA,"2.0","19723.58868","3460","high-end","800.0","6500.0","5.75","4.0","7.5","7.14819875","4445.863672","11617.72501","974.64136","784","121.0","126.0","244.0","177.0","116.0","200.0","week","high","large",NA,NA,"63.5","25","5 dogs for sale only",NA,NA,NA
"160","Tibetan Spaniel","non-sporting","114.0","46.0","Average","25-40",">50","14.42","125.0","none","0.0","none","5.0","20682.62993","1050","mid-price","500.0","2000.0","5.75","4.0","7.5","7.14819875","5378.301523","14054.32841","974.64136","784","121.0","126.0","244.0","177.0","116.0","200.0","week","high","small","5.44310844","12","25.4","10",NA,NA,NA,NA
"161","Tibetan Terrier","non-sporting","86.0","62.0","Fair","40-80",">30","12.31","102.0","none","0.0","none","5.0","16531.79965","1140","mid-price","450.0","1600.0","4","4.0","4.0","4.97266","3193.964506","11997.83514","974.64136","784","121.0","126.0","244.0","177.0","116.0","200.0","week","medium","small","10.88621688","24","39.37","15.5",NA,NA,NA,NA
"162","Toy Fox Terrier","toy","101.0",NA,NA,NA,NA,NA,"-",NA,NA,NA,"4.0",NA,"460","budget","200.0","650.0",NA,NA,NA,NA,NA,NA,"974.64136","784","121.0","126.0","244.0","177.0","116.0","200.0","-","-","small",NA,NA,"25.4","10",NA,NA,NA,NA
"163","Vizsla","sporting","37.0","25.0","Excellent","5-15",">85","12.5","6.0","none","0.0","none","3.0",NA,"934.5","mid-price","800.0","1200.0",NA,NA,NA,NA,NA,"12183.017","974.64136","784","121.0","126.0","244.0","177.0","116.0","200.0","-","-","medium",NA,NA,"57.15","22.5",NA,NA,NA,NA
"164","Weimaraner","sporting","32.0","21.0","Excellent","5-15",">85",NA,"-","hip problems","1.0","hip dysplasia","3.0",NA,"562","budget","300.0","900.0","5.75","4.0","7.5","7.14819875",NA,NA,"974.64136","784","121.0","126.0","244.0","177.0","116.0","200.0","week","high","large",NA,NA,"63.5","25",NA,NA,NA,NA
"165","Welsh Springer Spaniel","sporting","130.0","31.0","Above average","15-25",">70","12.49","172.0","hip problems","1.0","hip dysplasia","5.0","16363.93807","750.0","mid-price","750.0","750.0","4","4.0","4.0","4.97266","3240.66748","12173.27059","974.64136","784","121.0","126.0","244.0","177.0","116.0","200.0","week","high","medium",NA,NA,"45.72","18","only one dog for sale",NA,NA,NA
"166","Welsh Terrier","terrier","99.0","53.0","Average","25-40",">50",NA,"-","none","0.0","none","4.0",NA,"842.5","mid-price","575.0","1250.0","4","4.0","4.0","4.97266",NA,NA,"974.64136","784","121.0","126.0","244.0","177.0","116.0","200.0","week","high","small","9.0718474","20.0","38.1","15.0",NA,NA,NA,NA
"167","West Highland White Terrier","terrier","35.0","47.0","Average","25-40",">50","12.8","80.0","'lion jaw', 'dry eye', skin problems","3.0","Craniomandibular osteopathy (""lion jaw""), Keratoconjunctivitis sicca (KCS) - ""dry eye"", seborrhea","6.0","16534.00979","537.5","budget","275.0","750.0","4","4.0","4.0","4.97266","3321.10038","12475.40941","974.64136","784","121.0","126.0","244.0","177.0","116.0","200.0","week","high","small",NA,NA,"26.67","10.5",NA,NA,NA,NA
"168","Whippet","hound","57.0","51.0","Average","25-40",">50","12.87","500.0","none","0.0","none","2.0","16997.89695","915","mid-price","650.0","1200.0","4","4.0","4.0","4.97266","3339.262647","12543.6343","974.64136","784","121.0","126.0","244.0","177.0","116.0","200.0","week","medium","medium",NA,NA,"50.8","20",NA,NA,NA,NA
"169","Wire Fox Terrier","terrier","100.0","51.0","Average","25-40",">50","13.17","44.0","none","0.0","none","4.0",NA,"667.5","budget","175.0","1600.0",NA,NA,NA,NA,NA,"12836.02671","974.64136","784","121.0","126.0","244.0","177.0","116.0","200.0","-","-","small","7.937866475","17.5","38.1","15.0","Longevity: All fox terriers. Should not exceed 15½ inches tall at the shoulder and 18 pounds.",NA,NA,NA
"170","Wirehaired Pointing Griffon","sporting","92.0","46.0","Average","25-40",">50","8.8","16.0","none","0.0","none","4.0",NA,"755","mid-price","750.0","800.0",NA,NA,NA,NA,NA,"8576.843968","974.64136","784","121.0","126.0","244.0","177.0","116.0","200.0","-","-","medium",NA,NA,"55.88","22",NA,NA,NA,NA
"171","Xoloitzcuintli","non-sporting","155.0",NA,NA,NA,NA,NA,"-",NA,NA,NA,"2.0",NA,"716.6666667","mid-price","300.0","2000.0",NA,NA,NA,NA,NA,NA,"974.64136","784","121.0","126.0","244.0","177.0","116.0","200.0","-","-","medium",NA,NA,"41.91","16.5",NA,NA,NA,NA
"172","Yorkshire Terrier","toy","5.0","27.0","Above average","15-25",">70","12.6","63.0","knee, liver, trachea, eye disorders","4.0","Patellar luxation, Portosystemic shunt, tracheal collapse, Retinal dysplasia","5.0","16806.68932","1057","mid-price","275.0","2800.0","4","4.0","4.0","4.97266","3269.208186","12280.48114","974.64136","784","121.0","126.0","244.0","177.0","116.0","200.0","day","low","small","2.494758035","5.5",NA,NA,NA,NA,NA,NA
"173",NA,NA,NA,NA,NA,NA,NA,NA,NA,NA,NA,NA,NA,NA,NA,NA,NA,NA,NA,NA,NA,NA,NA,NA,NA,NA,NA,NA,NA,NA,NA,NA,NA,NA,NA,NA,NA,NA,NA,NA,NA,NA,NA
"174","Sources - see right",NA,NA,NA,NA,NA,NA,NA,NA,NA,NA,NA,NA,NA,NA,NA,NA,NA,NA,NA,NA,NA,NA,NA,NA,NA,NA,NA,NA,NA,NA,NA,NA,NA,NA,NA,NA,NA,NA,"category","American Kennel Club","http://www.akc.org/breeds/index.cfm?nav_area=breeds",NA
"175",NA,NA,NA,NA,NA,NA,NA,NA,NA,NA,NA,NA,NA,NA,NA,NA,NA,NA,NA,NA,NA,NA,NA,NA,NA,NA,NA,NA,NA,NA,NA,NA,NA,NA,NA,NA,NA,NA,NA,"intelligence","Stanley Coren: The Intelligence of Dogs. Based on dog trainer survey.  Based on ease of training, not all aspects of dog intelligence.","http://thehydrantblog.com/2011/05/03/the-intelligence-of-dogs-the-list/",NA
"176",NA,NA,NA,NA,NA,NA,NA,NA,NA,NA,NA,NA,NA,NA,NA,NA,NA,NA,NA,NA,NA,NA,NA,NA,NA,NA,NA,NA,NA,NA,NA,NA,NA,NA,NA,NA,NA,NA,NA,"longevity","Dr. Kelly M. Cassidy, 2007. Dog longevity. Secondary source based on several authoritative primary sources (listed on link, far right).","http://users.pullman.com/lostriver/breeddata.htm",NA
"177",NA,NA,NA,NA,NA,NA,NA,NA,NA,NA,NA,NA,NA,NA,NA,NA,NA,NA,NA,NA,NA,NA,NA,NA,NA,NA,NA,NA,NA,NA,NA,NA,NA,NA,NA,NA,NA,NA,NA,"diseases","Canine Inherited Disorders Database","http://ic.upei.ca/cidd/","http://users.pullman.com/lostriver/citations.htm"
"178",NA,NA,NA,NA,NA,NA,NA,NA,NA,NA,NA,NA,NA,NA,NA,NA,NA,NA,NA,NA,NA,NA,NA,NA,NA,NA,NA,NA,NA,NA,NA,NA,NA,NA,NA,NA,NA,NA,NA,"popularity","American Kennel Club (AKC), 2011","http://www.akc.org/reg/dogreg_stats.cfm",NA
"179",NA,NA,NA,NA,NA,NA,NA,NA,NA,NA,NA,NA,NA,NA,NA,NA,NA,NA,NA,NA,NA,NA,NA,NA,NA,NA,NA,NA,NA,NA,NA,NA,NA,NA,NA,NA,NA,NA,NA,"price","puppyfind.com, puppies for sale on 11 July 2012","http://www.puppyfind.com/browse/?sid=5aa35749188bc4d1ddf377c2fa42f9c0",NA
"180",NA,NA,NA,NA,NA,NA,NA,NA,NA,NA,NA,NA,NA,NA,NA,NA,NA,NA,NA,NA,NA,NA,NA,NA,NA,NA,NA,NA,NA,NA,NA,NA,NA,NA,NA,NA,NA,NA,NA,"size","American Kennel Club breed standards. Size is mean of ranges for both males and females.","http://www.akc.org/breeds/index.cfm?nav_area=breeds",NA
"181",NA,NA,NA,NA,NA,NA,NA,NA,NA,NA,NA,NA,NA,NA,NA,NA,NA,NA,NA,NA,NA,NA,NA,NA,NA,NA,NA,NA,NA,NA,NA,NA,NA,NA,NA,NA,NA,NA,NA,"food costs / grooming / suitability for children","Pet Planet breed profiles e.g.","http://www.petplanet.co.uk/dog_breed_profile.asp?dbid=207",NA
"182",NA,NA,NA,NA,NA,NA,NA,NA,NA,NA,NA,NA,NA,NA,NA,NA,NA,NA,NA,NA,NA,NA,NA,NA,NA,NA,NA,NA,NA,NA,NA,NA,NA,NA,NA,NA,NA,NA,NA,"other regular costs","Sainsbury's Finance 2011","http://sainsburysbank.thepressdesk.co.uk/pages/142/2011+releases.stm?article_id=732",NA
"183",NA,NA,NA,NA,NA,NA,NA,NA,NA,NA,NA,NA,NA,NA,NA,NA,NA,NA,NA,NA,NA,NA,NA,NA,NA,NA,NA,NA,NA,NA,NA,NA,NA,NA,NA,NA,NA,NA,NA,"one offs","k9lifesavers.org","http://k-9lifesavers.org/?p=416",NA
