"","Dog breed","category","datadog score","POPULARITY IN US","POPULARITY IN US","LIFETIME COST, $","5 LIFETIME COST","1 INTELLIGENCE (TRAINABILITY) ranking","INTELLIGENCE (TRAINABILITY) ranking","2 LONGEVITY","LONGEVITY","3 NO. OF GENETIC AILMENTS","GENETIC AILMENTS","4a average purchase price, US$","average purchase price, US$","4b food costs per year, US$","food costs per year, US$","5a grooming required","grooming required","5b suitability for children","suitability for children","ULTIMATE TOP DOG MEGA SCORE (with kids)","ULTIMATE TOP DATA DOG MEGA RANKING - without kids","ULTIMATE TOP DATA DOG MEGA RANKING - with kids","ULTIMATE TOP DOG MEGA SCORE","POPULAR RATING","size category","weight (kg)","weight (lbs)","shoulder height (cm)","shoulder height (in)","note","source","link","intelligence category","repetitions to understand new commands","obey first command (% of time)","longevity sample size - survey sample size","GENETIC DISEASES - congenital ailments: summary / areas affected","congenital ailments: summary / areas affected","4 LIFETIME COST, $","4 LIFETIME COST","average purchase price (US $)","price bracket","lowest (US$)","highest (US$)","food per week, average, £","min, £","max, £","food per week, $","food per year, $","food per lifetime, $","Other regular costs, total per lifetime, $","total  per year, $","total, per year, £","toys, presents, treats, per year, £","pet sitters, per year, £","grooming, per year, £","vet fees per year, £","kennels per year, £","one offs, $","","","",""
"1","Border Collie","herding","3.64","45.0","39","20143.0","0.48","1.0","1","12.52","0.7931034483","2.0","0.7777777778","622.5","0.7126436782","324.439695","0.6781609195","2.0","0.75","3.0","0.0","4.016283525","1","29","3.641283525","45","medium",NA,NA,"50.8","20",NA,NA,NA,"Brightest","<5",">95","164.0","eye problems, deafness","Collie eye anomaly, deafness","16273.46114","0.4712643678","622.5","budget","175.0","1050.0","4","4.0","4.0","4.97266","259.4609672","3248.451309","12202.50983","974.64136","784","121.0","126.0","244.0","177.0","116.0","200.0",NA,NA,NA,NA
"2","Border Terrier","terrier","3.61","80.0","61","22638.0","0.14","30.0","0.7011494253","14.0","0.9770114943","0.0","1","833.333333333333","0.4367816092","324.439695","0.6781609195","2.0","0.75","1.0","1","4.985632184","2","1","3.610632184","80","small","6.123496995","13.5",NA,NA,NA,NA,NA,"Above average","15-25",">70","177.0","none","none","18310.76591","0.1149425287","833.3333333","mid-price","250.0","1200.0","4","4.0","4.0","4.97266","259.4609672","3632.45354","13644.97904","974.64136","784","121.0","126.0","244.0","177.0","116.0","200.0",NA,NA,NA,NA
"3","Brittany","sporting","3.54","30.0","30","22589.0","0.16","19.0","0.8045977011","12.92","0.8850574713","0.0","1","617.5","0.724137931","466.3820615625","0.2298850575","2.0","0.75","2.0","0.5","4.416666667","3","11","3.541666667","30","medium","15.87573295","35","48.26","19",NA,NA,NA,"Excellent","5-15",">85","28.0","none","none","18228.70518","0.1379310345","617.5","budget","300.0","1200.0","5.75","4.0","7.5","7.14819875","372.9751403","4818.838812","12592.36637","974.64136","784","121.0","126.0","244.0","177.0","116.0","200.0",NA,NA,NA,NA
"4","Cairn Terrier","terrier","3.53","59.0","48","21992.0","0.22","35.0","0.6091954023","13.84","0.9540229885","2.0","0.7777777778","435.0","0.9540229885","324.439695","0.6781609195","2.0","0.75","1.0","1","4.907088123","4","2","3.532088123","59","small","6.35029318","14.0","25.4","10.0",NA,NA,NA,"Above average","15-25",">70","156.0","'lion jaw', heart problems","Craniomandibular osteopathy (""lion jaw""), Mitral valve dysplasia","17714.97621","0.2298850575","435","budget","300.0","600.0","4","4.0","4.0","4.97266","259.4609672","3590.939785","13489.03642","974.64136","784","121.0","126.0","244.0","177.0","116.0","200.0",NA,NA,NA,NA
"5","Welsh Springer Spaniel","sporting","3.34","130.0","81","20224.0","0.47","31.0","0.6896551724","12.49","0.7701149425","1.0","0.8888888889","750.0","0.5517241379","324.439695","0.6781609195","2.0","0.75","1.0","1","4.713601533","5","4","3.338601533","130","medium",NA,NA,"45.72","18","only one dog for sale",NA,NA,"Above average","15-25",">70","172.0","hip problems","hip dysplasia","16363.93807","0.4597701149","750.0","mid-price","750.0","750.0","4","4.0","4.0","4.97266","259.4609672","3240.66748","12173.27059","974.64136","784","121.0","126.0","244.0","177.0","116.0","200.0",NA,NA,NA,NA
"6","English Cocker Spaniel","sporting","3.33","63.0","51","18993.0","0.63","18.0","0.816091954","11.66","0.5402298851","0.0","1","800.0","0.5172413793","324.439695","0.6781609195","2.0","0.75","1.0","1","4.704022989","6","5","3.329022989","63","medium","13.6077711","30","40.64","16",NA,NA,NA,"Excellent","5-15",">85","1199.0","none","none","15389.63313","0.6206896552","800","mid-price","600.0","1000.0","4","4.0","4.0","4.97266","259.4609672","3025.314877","11364.31826","974.64136","784","121.0","126.0","244.0","177.0","116.0","200.0",NA,NA,NA,NA
"7","Cocker Spaniel","sporting","3.3","27.0","27","24330.0","0.09","20.0","0.7931034483","12.5","0.7816091954","2.0","0.7777777778","465.0","0.9310344828","674.328965625","0.2068965517","2.0","0.75","1.0","1.0","4.671455939","7","6","3.296455939","27","small","11.33980925","25.0","36.83","14.5","American cocker spaniel",NA,NA,"Excellent","5-15",">85","-","eye, skin problems","Retinal dysplasia, seborrhea","18015.01623","0.1494252874","465","budget","250.0","800.0","-","-","-","7.9221875","413.3599383","5166.999229","12183.017","974.64136","784","121.0","126.0","244.0","177.0","116.0","200.0","lifespan","http://www.yourdogsbreed.com/dog-breeds/100-cocker-spaniel.html","http://www.vetstreet.com/dogs/cocker-spaniel","http://www.purina.com.au/sitecore/content/PurinaAustralia/Home/owning-a-dog/dog-breeds/American-Cocker-Spaniel"
"8","Papillon","toy","3.26","38.0","33","21001.0","0.36","8.0","0.9195402299","13.0","0.8965517241","5.0","0.4444444444","740.0","0.5632183908","324.439695","0.6781609195","2.0","0.75","2.0","0.5","4.131226054","8","22","3.256226054","38","small",NA,NA,"24.13","9.5",NA,NA,NA,"Brightest","<5",">95","100.0","cataracts, hair loss, heart, eye, blood clotting disorders","Cataracts, Follicular dysplasias, Mitral valve dysplasia, Progressive retinal atrophy, von Willebrand's disease","16983.33025","0.367816092","740","mid-price","400.0","1000.0","4","4.0","4.0","4.97266","259.4609672","3372.992573","12670.33768","974.64136","784","121.0","126.0","244.0","177.0","116.0","200.0",NA,NA,NA,NA
"9","Australian Cattle Dog","herding","3.25","60.0","49","20395.0","0.43","10.0","0.8965517241","11.67","0.5517241379","1.0","0.8888888889","530.0","0.8505747126","466.3820615625","0.2298850575","2.0","0.75","3.0","0.0","3.627394636","9","52","3.252394636","60","medium",NA,NA,"46.99","18.5",NA,NA,NA,"Brightest","<5",">95","11.0","hip problems","hip dysplasia","16456.68456","0.4252873563","530","budget","250.0","1000.0","5.75","4.0","7.5","7.14819875","372.9751403","4352.619887","11374.06467","974.64136","784","121.0","126.0","244.0","177.0","116.0","200.0",NA,NA,NA,NA
"10","Shetland Sheepdog","herding","3.22","20.0","20","21006.0","0.34","6.0","0.9425287356","12.53","0.8045977011","5.0","0.4444444444","465.0","0.9310344828","404.597379375","0.632183908","1.0","0.5","1.0","1.0","4.473180077","11","8","3.223180077","20","small","10.15","22.0","36.83","14.5",NA,NA,NA,"Brightest","<5",">95","439.0","eye problems, deafness, skin + heart problems, blood clotting disorders","Collie eye anomaly (CEA), deafness, Dermatomyositis and ulcerative dermatosis, Patent ductus arteriosus (PDA), von Willebrand's disease","15984.89626","0.5172413793","465","budget","150.0","1000.0","-","-","-","4.7533125","248.015963","3107.640016","12212.25624","974.64136","784","121.0","126.0","244.0","177.0","116.0","200.0",NA,"http://www.vetstreet.com/dogs/shetland-sheepdog#grooming","http://www.purina.com.au/sitecore/content/PurinaAustralia/Home/owning-a-dog/dog-breeds/Shetland-Sheepdog",NA
"11","Siberian Husky","working","3.22","16.0","16","22049.0","0.2","45.0","0.4482758621","12.58","0.8275862069","0.0","1","650.0","0.6666666667","466.3820615625","0.2298850575","3.0","1.0","1.0","1","4.724137931","10","3","3.224137931","16","medium","21.54563758","47.5","55.245","21.75","Longevity based on UK KC Survey 2004","UK Kennel Club survey 2004","http://www.thekennelclub.org.uk/item/549","Average","25-40",">50","129.0","none","none","17803.01557","0.1954022989","650","budget","450.0","1000.0","5.75","4.0","7.5","7.14819875","372.9751403","4692.027265","12260.98831","974.64136","784","121.0","126.0","244.0","177.0","116.0","200.0",NA,NA,NA,NA
"12","Lhasa Apso","non-sporting","3.21","62.0","50","22031.0","0.21","68.0","0.1494252874","13.92","0.9655172414","1.0","0.8888888889","350.0","0.9770114943","324.439695","0.6781609195","2.0","0.75","1.0","1","4.581417625","12","7","3.206417625","62","small","6.80388555","15","26.67","10.5",NA,NA,NA,"Fair","40-80",">30","91.0","'dry eye'","Keratoconjunctivitis sicca (KCS) - ""dry eye""","17728.70439","0.2183908046","350","budget","175.0","550.0","4","4.0","4.0","4.97266","259.4609672","3611.696663","13567.00773","974.64136","784","121.0","126.0","244.0","177.0","116.0","200.0",NA,NA,NA,NA
"13","Affenpinscher","toy","3.2","139.0","84","18333.0","0.72","37.0","0.5632183908","11.42","0.4712643678","0.0","1","510.0","0.8965517241","324.439695","0.6781609195","2.0","0.75","2.0","0.5","4.07183908","13","26","3.19683908","139","small",NA,NA,"26.035","10.25",NA,NA,NA,"Above average","15-25",">70","21.0","none","none","14803.44858","0.7126436782","510","budget","200.0","800.0","4","4.0","4.0","4.97266","259.4609672","2963.044245","11130.40433","974.64136","784","121.0","126.0","244.0","177.0","116.0","200.0",NA,NA,NA,NA
"14","Dachshund","hound","3.19","9.0","9","20113.0","0.49","49.0","0.367816092","12.63","0.8505747126","2.0","0.7777777778","422.5","0.9655172414","324.439695","0.6781609195","2.0","0.75","3.0","0.0","3.568007663","14","54","3.193007663","9","small","10.88621688","24",NA,NA,NA,NA,NA,"Average","25-40",">50","265.0","skin, spinal problems","acanthosis nigricans, Intervertebral disk disease","16209.21239","0.4942528736","422.5","budget","125.0","750.0","4","4.0","4.0","4.97266","259.4609672","3276.992015","12309.72038","974.64136","784","121.0","126.0","244.0","177.0","116.0","200.0",NA,NA,NA,NA
"15","Miniature Schnauzer","terrier","3.19","12.0","12","20087.0","0.51","12.0","0.8735632184","11.81","0.5632183908","2.0","0.7777777778","714.5","0.5747126437","404.597379375","0.632183908","2.0","0.75","2.0","0.5","4.068007663","14","27","3.193007663","12","small","7.030681735","15.5","33.02","13",NA,NA,NA,"Excellent","5-15",">85","232.0","liver, sinus problems","Portosystemic shunt, Sick sinus syndrome","15354.08298","0.6436781609","714.5","mid-price","200.0","1600.0","-","-","-","4.7533125","248.015963","2929.068523","11510.51446","974.64136","784","121.0","126.0","244.0","177.0","116.0","200.0",NA,"http://www.vetstreet.com/dogs/miniature-schnauzer#grooming","http://www.purina.com.au/sitecore/content/PurinaAustralia/Home/owning-a-dog/dog-breeds/Schnauzer-Miniature",NA
"16","Chihuahua","toy","3.15","14.0","14","26250.0","0.02","67.0","0.1609195402","16.5","1","1.0","0.8888888889","587.5","0.7816091954","324.439695","0.6781609195","2.0","0.75","3.0","0.0","3.529693487","16","55","3.154693487","14","small","2.494758035","5.5","13.0","5.0","weight should not exceed 6 pounds",NA,NA,"Fair","40-80",">30","-","knee problems","Patellar luxation","21150.1884","0.01149425287","587.5","budget","200.0","1500.0","4","4.0","4.0","4.97266","259.4609672","4281.105958","16081.58244","974.64136","784","121.0","126.0","244.0","177.0","116.0","200.0","lifespan","http://www.yourdogsbreed.com/dog-breeds/95-chihuahua.html","http://www.vetstreet.com/dogs/chihuahua",NA
"17","Australian Terrier","terrier","3.11","121.0","77","17892.0","0.76","34.0","0.6436781609","11.05","0.4022988506","0.0","1","640.0","0.7011494253","324.439695","0.6781609195","2.0","0.75","2.0","0.5","3.985632184","17","30","3.110632184","121","small",NA,NA,"26.67","10.5",NA,NA,NA,"Above average","15-25",">70","241.0","none","none","14476.83072","0.7471264368","640","budget","200.0","900.0","4","4.0","4.0","4.97266","259.4609672","2867.043687","10769.78703","974.64136","784","121.0","126.0","244.0","177.0","116.0","200.0",NA,NA,NA,NA
"18","Whippet","hound","3.11","57.0","46","20976.0","0.38","51.0","0.3448275862","12.87","0.8735632184","0.0","1","915.0","0.3563218391","324.439695","0.6781609195","2.0","0.75","2.0","0.5","3.985632184","17","30","3.110632184","57","medium",NA,NA,"50.8","20",NA,NA,NA,"Average","25-40",">50","500.0","none","none","16997.89695","0.3563218391","915","mid-price","650.0","1200.0","4","4.0","4.0","4.97266","259.4609672","3339.262647","12543.6343","974.64136","784","121.0","126.0","244.0","177.0","116.0","200.0",NA,NA,NA,NA
"19","English Springer Spaniel","sporting","3.09","29.0","29","21946.0","0.24","13.0","0.8620689655","12.54","0.816091954","4.0","0.5555555556","615.0","0.7356321839","466.3820615625","0.2298850575","2.0","0.75","1.0","1","4.466475096","19","9","3.091475096","29","medium","20.41165665","45","49.53","19.5",NA,NA,NA,"Excellent","5-15",">85","194.0","hip, eye, skin problems; enzyme deficiency","Hip dysplasia, Phosphofructokinase (PFK) deficiency, Retinal dysplasia, seborrhea","17714.11091","0.2413793103","615","budget","450.0","1500.0","5.75","4.0","7.5","7.14819875","372.9751403","4677.108259","12222.00265","974.64136","784","121.0","126.0","244.0","177.0","116.0","200.0",NA,NA,NA,NA
"20","West Highland White Terrier","terrier","3.08","35.0","32","20490.0","0.41","47.0","0.4137931034","12.8","0.8620689655","3.0","0.6666666667","537.5","0.8390804598","324.439695","0.6781609195","2.0","0.75","1.0","1","4.451149425","20","10","3.076149425","35","small",NA,NA,"26.67","10.5",NA,NA,NA,"Average","25-40",">50","80.0","'lion jaw', 'dry eye', skin problems","Craniomandibular osteopathy (""lion jaw""), Keratoconjunctivitis sicca (KCS) - ""dry eye"", seborrhea","16534.00979","0.4022988506","537.5","budget","275.0","750.0","4","4.0","4.0","4.97266","259.4609672","3321.10038","12475.40941","974.64136","784","121.0","126.0","244.0","177.0","116.0","200.0",NA,NA,NA,NA
"21","Bedlington Terrier","terrier","3.07","134.0","83","22107.0","0.17","40.0","0.5402298851","13.51","0.9310344828","2.0","0.7777777778","1058.33333333333","0.2183908046","324.439695","0.6781609195","2.0","0.75","2.0","0.5","3.947318008","21","35","3.072318008","134","small","9.0718474","20",NA,NA,"Price: only 6 puppies for breed",NA,NA,"Average","25-40",">50","54.0","liver, eye problems","Chronic hepatitis, Retinal dysplasia","17931.05577","0.1609195402","1058.333333","mid-price","250.0","1800.0","4","4.0","4.0","4.97266","259.4609672","3505.317666","13167.40477","974.64136","784","121.0","126.0","244.0","177.0","116.0","200.0",NA,NA,NA,NA
"22","Poodle","non-sporting","3.04","8.0","8","21237.0","0.31","2.0","0.9885057471","11.95","0.5977011494","2.0","0.7777777778","900.0","0.3793103448","466.3820615625","0.2298850575","2.0","0.75","2.0","0.5","3.918582375","22","39","3.043582375","8","medium",NA,NA,"40.64","16.0","15 in is min height for standard poodle",NA,NA,"Brightest","<5",">95","1178.0","fatal stomach bloat, skin disorder","Gastric dilatation-volvulus (serious stomach disorder), sebaceous adenitis (skin disorder)","17204.01718","0.3103448276","900","mid-price","500.0","1500.0","5.75","4.0","7.5","7.14819875","372.9751403","4457.052926","11646.96425","974.64136","784","121.0","126.0","244.0","177.0","116.0","200.0",NA,NA,NA,NA
"23","Bichon Frise","non-sporting","3.03","39.0","34","19735.0","0.54","45.0","0.4482758621","12.21","0.6781609195","0.0","1","692.5","0.6206896552","324.439695","0.6781609195","1.0","0.5","1.0","1","4.275862069","25","16","3.025862069","39","small",NA,NA,"26.67","10.5",NA,NA,NA,"Average","25-40",">50","146.0","none","none","15960.88941","0.5287356322","692.5","budget","250.0","1500.0","4","4.0","4.0","4.97266","259.4609672","3168.018409","11900.37101","974.64136","784","121.0","126.0","244.0","177.0","116.0","200.0",NA,NA,NA,NA
"24","German Shorthaired Pointer","sporting","3.03","15.0","15","25842.0","0.03","17.0","0.8390804598","11.46","0.4942528736","1.0","0.8888888889","545.0","0.8275862069","971.0337105","0.04597701149","2.0","0.75","1.0","1.0","4.409003831","23","12","3.034003831","15","large","28.34952313","62.5","60.96","24",NA,NA,NA,"Excellent","5-15",">85","203.0","hip problems","hip dysplasia","18735.82103","0.1034482759","545","budget","200.0","850.0","-","-","-","11.40795","595.2383111","6821.431045","11169.38999","974.64136","784","121.0","126.0","244.0","177.0","116.0","200.0",NA,"http://www.vetstreet.com/dogs/german-shorthaired-pointer#grooming","http://www.purina.com.au/sitecore/content/PurinaAustralia/Home/owning-a-dog/dog-breeds/German-Short-Haired-Pointer",NA
"25","Pointer","sporting","3.03","115.0","74","24445.0","0.08","43.0","0.4942528736","12.42","0.7471264368","1.0","0.8888888889","293.75","0.9885057471","709.7118328125","0.05747126437","2.0","0.75","1.0","1","4.403256705","24","13","3.028256705","115","large","26.98874602","59.5","64.77","25.5","English Pointer. price: 8 puppies for sale only",NA,NA,"Average","25-40",">50","145.0","hip problems","hip dysplasia","19648.02584","0.06896551724","293.75","budget","50.0","500.0","8.75","7.5","10.0","10.87769375","567.5708656","7049.230151","12105.04569","974.64136","784","121.0","126.0","244.0","177.0","116.0","200.0",NA,NA,NA,NA
"26","Tibetan Spaniel","non-sporting","3.02","114.0","73","25549.0","0.05","46.0","0.4252873563","14.42","0.9885057471","0.0","1","1050.0","0.2413793103","466.3820615625","0.2298850575","2.0","0.75","1.0","1","4.399425287","26","14","3.024425287","114","small","5.44310844","12","25.4","10",NA,NA,NA,"Average","25-40",">50","125.0","none","none","20682.62993","0.02298850575","1050","mid-price","500.0","2000.0","5.75","4.0","7.5","7.14819875","372.9751403","5378.301523","14054.32841","974.64136","784","121.0","126.0","244.0","177.0","116.0","200.0",NA,NA,NA,NA
"27","Labrador Retriever","sporting","2.97","1.0","1","21299.0","0.3","7.0","0.9310344828","12.04","0.632183908","3.0","0.6666666667","809.9","0.5057471264","466.3820615625","0.2298850575","2.0","0.75","1.0","1","4.347701149","27","15","2.972701149","1","medium","30.61748498","67.5","58.42","23",NA,NA,NA,"Brightest","<5",">95","1101.0","elbows, hips, eyes","elbow dysplasia, hip dysplasia, retinal dysplasia","17235.20266","0.2988505747","809.9","mid-price","299.0","1500.0","5.75","4.0","7.5","7.14819875","372.9751403","4490.620689","11734.68197","974.64136","784","121.0","126.0","244.0","177.0","116.0","200.0",NA,NA,NA,NA
"28","Maltese","toy","2.93","23.0","23","19084.0","0.62","59.0","0.2528735632","12.25","0.6896551724","1.0","0.8888888889","649.5","0.6896551724","269.73158625","1","1.0","0.5","3.0","0.0","3.176245211","29","65","2.926245211","23","small","2.26796185","5","22.86","9.0",NA,NA,NA,"Fair","40-80",">30","42.0","heart problems","Patent ductus arteriosus (PDA)","14814.32036","0.7011494253","649.5","budget","300.0","1000.0","-","-","-","3.168875","165.3439753","2025.463698","11939.35666","974.64136","784","121.0","126.0","244.0","177.0","116.0","200.0",NA,"http://www.vetstreet.com/dogs/maltese#grooming","http://www.purina.com.au/sitecore/content/PurinaAustralia/Home/owning-a-dog/dog-breeds/Maltese",NA
"29","Pomeranian","toy","2.93","17.0","17","15792.0","0.93","23.0","0.7701149425","9.67","0.2298850575","1.0","0.8888888889","670.0","0.6551724138","324.439695","0.6781609195","2.0","0.75","2.0","0.5","3.805555556","28","45","2.930555556","17","small","2.26796185","5",NA,NA,NA,NA,NA,"Excellent","5-15",">85","29.0","heart problems","Patent ductus arteriosus (PDA)","12803.7695","0.9310344828","670","budget","200.0","1500.0","4","4.0","4.0","4.97266","259.4609672","2508.987552","9424.781951","974.64136","784","121.0","126.0","244.0","177.0","116.0","200.0",NA,NA,NA,NA
"30","Shih Tzu","toy","2.93","11.0","11","21152.0","0.32","70.0","0.1264367816","13.2","0.9195402299","1.0","0.8888888889","582.5","0.8045977011","324.439695","0.6781609195","1.0","0.5","1.0","1","4.176245211","29","19","2.926245211","11","small","5.669904625","12.5","24.765","9.75",NA,NA,NA,"Lowest","80-100","<25","97.0","eye problems","Exposure keratopathy syndrome (exophthalmos, lagophthalmos, and/or macroblepharon)","17072.65072","0.3218390805","582.5","budget","275.0","1200.0","4","4.0","4.0","4.97266","259.4609672","3424.884766","12865.26595","974.64136","784","121.0","126.0","244.0","177.0","116.0","200.0",NA,NA,NA,NA
"31","Australian Shepherd","herding","2.91","24.0","24","21458.0","0.28","42.0","0.5172413793","12.28","0.7126436782","2.0","0.7777777778","565.0","0.816091954","466.3820615625","0.2298850575","2.0","0.75","2.0","0.5","3.780651341","31","46","2.905651341","24","medium",NA,NA,"52.07","20.5",NA,NA,NA,"Average","25-40",">50","641.0","deafness, hip problems","deafness, hip dysplasia","17313.73062","0.2873563218","565","budget","250.0","1000.0","5.75","4.0","7.5","7.14819875","372.9751403","4580.134723","11968.5959","974.64136","784","121.0","126.0","244.0","177.0","116.0","200.0",NA,NA,NA,NA
"32","Yorkshire Terrier","toy","2.85","5.0","5","20701.0","0.39","27.0","0.7471264368","12.6","0.8390804598","4.0","0.5555555556","1057.0","0.2298850575","324.439695","0.6781609195","1.0","0.5","3.0","0.0","3.095785441","32","69","2.845785441","5","small","2.494758035","5.5",NA,NA,NA,NA,NA,"Above average","15-25",">70","63.0","knee, liver, trachea, eye disorders","Patellar luxation, Portosystemic shunt, tracheal collapse, Retinal dysplasia","16806.68932","0.3793103448","1057","mid-price","275.0","2800.0","4","4.0","4.0","4.97266","259.4609672","3269.208186","12280.48114","974.64136","784","121.0","126.0","244.0","177.0","116.0","200.0",NA,NA,NA,NA
"33","Irish Setter","sporting","2.84","70.0","56","20323.0","0.45","35.0","0.6091954023","11.63","0.5287356322","2.0","0.7777777778","525.0","0.8620689655","466.3820615625","0.2298850575","2.0","0.75","1.0","1","4.211685824","33","17","2.836685824","70","large","29.48350405","65","66.04","26",NA,NA,NA,"Above average","15-25",">70","922.0","hip, eye problems","Hip dysplasia, Progressive retinal atrophy","16397.7799","0.4482758621","525","budget","300.0","1000.0","5.75","4.0","7.5","7.14819875","372.9751403","4337.700881","11335.07902","974.64136","784","121.0","126.0","244.0","177.0","116.0","200.0",NA,NA,NA,NA
"34","Pharaoh Hound","hound","2.81","151.0","86","21047.0","0.33","37.0","0.5632183908","11.83","0.5747126437","0.0","1","912.5","0.367816092","466.3820615625","0.2298850575","2.0","0.75","2.0","0.5","3.686781609","34","47","2.811781609","151","medium",NA,NA,"58.42","23","price: 6 puppies for sale only",NA,NA,"Above average","15-25",">70","15.0","none","none","17054.8032","0.3448275862","912.5","mid-price","475.0","1000.0","5.75","4.0","7.5","7.14819875","372.9751403","4412.295909","11530.00729","974.64136","784","121.0","126.0","244.0","177.0","116.0","200.0",NA,NA,NA,NA
"35","Brussels Griffon","toy","2.8","77.0","59","19551.0","0.57","59.0","0.2528735632","12.0","0.6091954023","0.0","1","832.5","0.4482758621","324.439695","0.6781609195","2.0","0.75","3.0","0.0","3.175287356","36","66","2.800287356","77","small","4.08233133","9",NA,NA,NA,NA,NA,"Fair","40-80",">30","71.0","none","none","15841.72793","0.5632183908","832.5","mid-price","500.0","1500.0","4","4.0","4.0","4.97266","259.4609672","3113.531606","11695.69632","974.64136","784","121.0","126.0","244.0","177.0","116.0","200.0",NA,NA,NA,NA
"36","Golden Retriever","sporting","2.8","4.0","4","21447.0","0.29","4.0","0.9655172414","12.04","0.632183908","4.0","0.5555555556","958.333333333333","0.3103448276","466.3820615625","0.2298850575","2.0","0.75","1.0","1","4.173371648","37","20","2.798371648","4","medium","27.2155422","60","57.785","22.75",NA,NA,NA,"Brightest","<5",">95","1314.0","elbows, hips, eyes, heart","elbow dysplasia, hip dysplasia, retinal dysplasia, subaortic stenosis","17383.636","0.275862069","958.3333333","mid-price","325.0","2500.0","5.75","4.0","7.5","7.14819875","372.9751403","4490.620689","11734.68197","974.64136","784","121.0","126.0","244.0","177.0","116.0","200.0",NA,NA,NA,NA
"37","Samoyed","working","2.8","69.0","55","25352.0","0.06","33.0","0.6781609195","12.44","0.7586206897","1.0","0.8888888889","1162.0","0.1494252874","709.7118328125","0.05747126437","2.0","0.75","1.0","1","4.179118774","35","18","2.804118774","69","medium",NA,NA,"53.975","21.25",NA,NA,NA,"Above average","15-25",">70","232.0","hip problems","hip dysplasia","20547.12009","0.03448275862","1162","mid-price","795.0","1400.0","8.75","7.5","10.0","10.87769375","567.5708656","7060.581569","12124.53852","974.64136","784","121.0","126.0","244.0","177.0","116.0","200.0",NA,NA,NA,NA
"38","Beagle","hound","2.79","3.0","3","19468.0","0.59","73.0","0.09195402299","12.3","0.724137931","1.0","0.8888888889","287.5","1","324.439695","0.6781609195","1.0","0.5","1.0","1","4.044061303","38","28","2.794061303","3","small",NA,NA,"35.56","14",NA,NA,NA,"Lowest","80-100","<25","303.0","heart problems","Pulmonic stenosis","15666.95862","0.5862068966","287.5","budget","100.0","600.0","4","4.0","4.0","4.97266","259.4609672","3191.369896","11988.08873","974.64136","784","121.0","126.0","244.0","177.0","116.0","200.0",NA,NA,NA,NA
"39","Chesapeake Bay Retriever","sporting","2.78","46.0","40","16697.0","0.84","27.0","0.7471264368","9.48","0.2183908046","1.0","0.8888888889","522.0","0.8735632184","466.3820615625","0.2298850575","2.0","0.75","1.0","1","4.156130268","39","21","2.781130268","46","large","30.61748498","67.5","59.69","23.5",NA,NA,NA,"Above average","15-25",">70","776.0","hip problems","hip dysplasia","13497.40442","0.8275862069","522","budget","175.0","795.0","5.75","4.0","7.5","7.14819875","372.9751403","3535.80433","9239.600093","974.64136","784","121.0","126.0","244.0","177.0","116.0","200.0",NA,NA,NA,NA
"40","Tibetan Terrier","non-sporting","2.75","86.0","64","20336.0","0.44","62.0","0.2183908046","12.31","0.7356321839","0.0","1","1140.0","0.1724137931","324.439695","0.6781609195","2.0","0.75","2.0","0.5","3.629310345","40","51","2.754310345","86","small","10.88621688","24","39.37","15.5",NA,NA,NA,"Fair","40-80",">30","102.0","none","none","16531.79965","0.4137931034","1140","mid-price","450.0","1600.0","4","4.0","4.0","4.97266","259.4609672","3193.964506","11997.83514","974.64136","784","121.0","126.0","244.0","177.0","116.0","200.0",NA,NA,NA,NA
"41","Gordon Setter","sporting","2.73","94.0","69","19605.0","0.56","34.0","0.6436781609","11.1","0.4137931034","1.0","0.8888888889","700.0","0.5862068966","466.3820615625","0.2298850575","2.0","0.75","1.0","1","4.10440613","41","23","2.72940613","94","large","28.34952313","62.5","63.5","25","3 dogs only",NA,NA,"Above average","15-25",">70","169.0","hip problems","hip dysplasia","15858.54315","0.5517241379","700","mid-price","500.0","100.0","5.75","4.0","7.5","7.14819875","372.9751403","4140.024057","10818.5191","974.64136","784","121.0","126.0","244.0","177.0","116.0","200.0",NA,NA,NA,NA
"42","English Setter","sporting","2.72","87.0","65","20312.0","0.46","37.0","0.5632183908","11.57","0.5172413793","2.0","0.7777777778","615.0","0.7356321839","466.3820615625","0.2298850575","2.0","0.75","1.0","1","4.090996169","43","25","2.715996169","87","large",NA,NA,"62.23","24.5",NA,NA,NA,"Above average","15-25",">70","402.0","deafness, hip problems","deafness, hip dysplasia","16406.92291","0.4367816092","615","budget","250.0","1000.0","5.75","4.0","7.5","7.14819875","372.9751403","4315.322373","11276.60054","974.64136","784","121.0","126.0","244.0","177.0","116.0","200.0",NA,NA,NA,NA
"43","Pug","toy","2.72","26.0","26","18527.0","0.68","57.0","0.2873563218","11.0","0.3908045977","1.0","0.8888888889","469.4","0.9195402299","404.597379375","0.632183908","2.0","0.75","1.0","1.0","4.092911877","42","24","2.717911877","26","medium","7.25747792","16","40.64","16",NA,NA,NA,"Fair","40-80",">30","163.0","'dry eye'","Keratoconjunctivitis sicca (KCS) - ""dry eye""","14118.63055","0.8045977011","469.4","budget","250.0","699.0","-","-","-","4.7533125","248.015963","2728.175593","10721.05496","974.64136","784","121.0","126.0","244.0","177.0","116.0","200.0",NA,"http://www.vetstreet.com/dogs/pug#grooming","http://www.purina.com.au/sitecore/content/PurinaAustralia/Home/owning-a-dog/dog-breeds/Pug",NA
"44","Briard","herding","2.71","125.0","79","19673.0","0.55","30.0","0.7011494253","11.17","0.4252873563","1.0","0.8888888889","650.0","0.6666666667","466.3820615625","0.2298850575","1.0","0.5","1.0","1","3.963601533","44","33","2.713601533","125","large",NA,NA,"62.23","24.5","Only 2 puppies for sale",NA,NA,"Above average","15-25",">70","71.0","hip problems","hip dysplasia","15902.87631","0.5402298851","650","budget","500.0","800.0","5.75","4.0","7.5","7.14819875","372.9751403","4166.132317","10886.74399","974.64136","784","121.0","126.0","244.0","177.0","116.0","200.0",NA,NA,NA,NA
"45","Norfolk Terrier","terrier","2.71","120.0","76","24308.0","0.1","56.0","0.2988505747","13.07","0.908045977","0.0","1","2083.33333333333","0.02298850575","466.3820615625","0.2298850575","2.0","0.75","2.0","0.5","3.583333333","45","53","2.708333333","120","small","5.44310844","12.0","24.13","9.5","price: 9 puppies only",NA,NA,"Fair","40-80",">30","324.0","none","none","19896.68099","0.05747126437","2083.333333","high-end","250.0","2500.0","5.75","4.0","7.5","7.14819875","372.9751403","4874.785083","12738.56258","974.64136","784","121.0","126.0","244.0","177.0","116.0","200.0",NA,NA,NA,NA
"46","Flat-Coated Retriever","sporting","2.7","90.0","67","16000.0","0.9","18.0","0.816091954","9.02","0.1379310345","0.0","1","600.0","0.7701149425","466.3820615625","0.2298850575","1.0","0.5","1.0","1","3.954022989","46","34","2.704022989","90","medium",NA,NA,"59.055","23.25","Price: 3 dogs only",NA,NA,"Excellent","5-15",">85","1198.0","none","none","12955.50083","0.8965517241","600","budget","300.0","1200.0","5.75","4.0","7.5","7.14819875","372.9751403","3364.235765","8791.265067","974.64136","784","121.0","126.0","244.0","177.0","116.0","200.0",NA,NA,NA,NA
"47","Boston Terrier","non-sporting","2.61","22.0","22","17741.0","0.77","54.0","0.3103448276","10.92","0.3793103448","1.0","0.8888888889","690.0","0.632183908","324.439695","0.6781609195","2.0","0.75","1.0","1","3.983716475","47","32","2.608716475","22","medium","NA (3 classes)","NA (3 classes)",NA,NA,NA,NA,NA,"Average","25-40",">50","42.0","breathing problems","brachycephalic syndrome","14366.39741","0.7586206897","690","budget","400.0","1050.0","4","4.0","4.0","4.97266","259.4609672","2833.313761","10643.08365","974.64136","784","121.0","126.0","244.0","177.0","116.0","200.0",NA,NA,NA,NA
"48","Doberman Pinscher","working","2.59","13.0","13","18397.0","0.71","5.0","0.9540229885","10.33","0.3218390805","4.0","0.5555555556","789.5","0.5402298851","466.3820615625","0.2298850575","2.0","0.75","2.0","0.5","3.466475096","49","57","2.591475096","13","large",NA,NA,"66.04","26",NA,NA,NA,"Brightest","<5",">95","201.0","heart, spine, blood clotting disorders","Dilated cardiomyopathy, Cervical vertebral instability (Wobbler syndrome), Intervertebral disk disease, von Willebrand's disease","14910.37845","0.6896551724","789.5","mid-price","300.0","1200.0","5.75","4.0","7.5","7.14819875","372.9751403","3852.833199","10068.04525","974.64136","784","121.0","126.0","244.0","177.0","116.0","200.0",NA,NA,NA,NA
"49","English Toy Spaniel","toy","2.59","129.0","80","17521.0","0.79","45.0","0.4482758621","10.1","0.2873563218","0.0","1","925.0","0.3333333333","404.597379375","0.632183908","2.0","0.75","2.0","0.5","3.468390805","48","56","2.593390805","129","small","4.98951607","11","25.0","10.0",NA,NA,NA,"Average","25-40",">50","22.0","none","none","13473.83896","0.8390804598","925","mid-price","150.0","1500.0","-","-","-","4.7533125","248.015963","2504.961226","9843.877736","974.64136","784","121.0","126.0","244.0","177.0","116.0","200.0","height food cost","http://www.vetstreet.com/dogs/english-toy-spaniel#health","http://www.purina.com.au/owning-a-dog/dog-breeds/King-Charles-Spaniel",NA
"50","Belgian Tervuren","herding","2.57","108.0","72","19132.0","0.61","14.0","0.8505747126","10.6","0.3448275862","2.0","0.7777777778","1070.0","0.2068965517","466.3820615625","0.2298850575","2.0","0.75","1.0","1","3.941570881","52","38","2.566570881","108","large",NA,NA,"60.96","24",NA,NA,NA,"Excellent","5-15",">85","105.0","epilepsy, eye problems","Idiopathic epilepsy, Pannus - chronic superficial keratitis","15554.7349","0.5977011494","1070","mid-price","850.0","1200.0","5.75","4.0","7.5","7.14819875","372.9751403","3953.536487","10331.19842","974.64136","784","121.0","126.0","244.0","177.0","116.0","200.0",NA,NA,NA,NA
"51","Cavalier King Charles Spaniel","toy","2.57","21.0","21","18639.0","0.67","44.0","0.4827586207","11.29","0.4597701149","2.0","0.7777777778","1016.55555555556","0.275862069","324.439695","0.6781609195","2.0","0.75","1.0","1","3.947318008","50","35","2.572318008","21","small","7.030681735","15.5","31.75","12.5",NA,NA,NA,"Average","25-40",">50","829.0","heart, spinal problems","Mitral valve dysplasia, Chiari-like malformation (CM) and syringomyelia (SM)","15149.57083","0.6551724138","1016.555556","mid-price","100.0","1800.0","4","4.0","4.0","4.97266","259.4609672","2929.314319","11003.70095","974.64136","784","121.0","126.0","244.0","177.0","116.0","200.0",NA,NA,NA,NA
"52","Dalmatian","non-sporting","2.57","73.0","57","19886.0","0.53","39.0","0.5517241379","11.27","0.4482758621","2.0","0.7777777778","695.0","0.6091954023","466.3820615625","0.2298850575","2.0","0.75","1.0","1","3.947318008","50","35","2.572318008","73","medium",NA,NA,"53.34","21",NA,NA,NA,"Above average","15-25",">70","404.0","deafness, urinary stones","Deafness, Urolithiasis (stones)","16082.63796","0.5057471264","695","budget","350.0","1000.0","5.75","4.0","7.5","7.14819875","372.9751403","4203.429831","10984.20813","974.64136","784","121.0","126.0","244.0","177.0","116.0","200.0",NA,NA,NA,NA
"53","Basset Hound","hound","2.54","41.0","36","18328.0","0.74","71.0","0.1149425287","11.43","0.4827586207","2.0","0.7777777778","489.5","0.908045977","324.439695","0.6781609195","2.0","0.75","1.0","1","3.918582375","53","39","2.543582375","41","small",NA,NA,"35.56","14.0",NA,NA,NA,"Lowest","80-100","<25","152.0","blood, skin disorders","Platelet dysfunction (thrombocytopathia, Basset hound thrombopathia), seborrhea","14795.2896","0.724137931","489.5","budget","150.0","1000.0","4","4.0","4.0","4.97266","259.4609672","2965.638855","11140.15074","974.64136","784","121.0","126.0","244.0","177.0","116.0","200.0",NA,NA,NA,NA
"54","Basenji","hound","2.51","93.0","68","22096.0","0.18","79.0","0.02298850575","13.58","0.9425287356","3.0","0.6666666667","940.0","0.3218390805","324.439695","0.6781609195","2.0","0.75","2.0","0.5","3.382183908","54","59","2.507183908","93","medium","10.43262451","23","41.91","16.5",NA,NA,NA,"Lowest","80-100","<25","46.0","kidney, eye problems, anaemia","Fanconi syndrome, Persistent pupillary membranes (PPM), Pyruvate kinase (PK) deficiency","17899.1096","0.1724137931","940","mid-price","600.0","1200.0","4","4.0","4.0","4.97266","259.4609672","3523.479934","13235.62967","974.64136","784","121.0","126.0","244.0","177.0","116.0","200.0",NA,NA,NA,NA
"55","Italian Greyhound","toy","2.49","65.0","53","16463.0","0.86","60.0","0.2413793103","10.02","0.275862069","0.0","1","800.0","0.5172413793","324.439695","0.6781609195","2.0","0.75","3.0","0.0","2.864942529","55","77","2.489942529","65","small",NA,NA,"35.56","14",NA,NA,NA,"Fair","40-80",">30","203.0","none","none","13365.70532","0.8620689655","800","mid-price","500.0","120.0","4","4.0","4.0","4.97266","259.4609672","2599.798891","9765.906427","974.64136","784","121.0","126.0","244.0","177.0","116.0","200.0",NA,NA,NA,NA
"56","Staffordshire Bull Terrier","terrier","2.48","76.0","58","21650.0","0.25","49.0","0.367816092","12.05","0.6551724138","1.0","0.8888888889","1144.9","0.1609195402","466.3820615625","0.2298850575","2.0","0.75","1.0","1","3.857279693","56","41","2.482279693","76","medium","14.06136347","31","38.1","15",NA,NA,NA,"Average","25-40",">50","157.0","hip problems","hip dysplasia","17583.67883","0.2528735632","1144.9","mid-price","500.0","1500.0","5.75","4.0","7.5","7.14819875","372.9751403","4494.35044","11744.42839","974.64136","784","121.0","126.0","244.0","177.0","116.0","200.0",NA,NA,NA,NA
"57","Bouvier des Flandres","herding","2.47","83.0","62","18959.0","0.64","29.0","0.724137931","10.34","0.3333333333","1.0","0.8888888889","1335.0","0.05747126437","466.3820615625","0.2298850575","2.0","0.75","1.0","1","3.840038314","57","42","2.465038314","83","large",NA,NA,"64.77","25.5",NA,NA,NA,"Above average","15-25",">70","1079.0","hip problems","hip dysplasia","15469.35461","0.6091954023","1335","mid-price","800.0","2500.0","5.75","4.0","7.5","7.14819875","372.9751403","3856.56295","10077.79166","974.64136","784","121.0","126.0","244.0","177.0","116.0","200.0",NA,NA,NA,NA
"58","Pembroke Welsh Corgi","herding","2.45","25.0","25","23978.0","0.13","11.0","0.8850574713","12.25","0.6896551724","9.0","0","586.5","0.7931034483","674.328965625","0.2068965517","2.0","0.75","1.0","1.0","3.824712644","58","43","2.449712644","25","small","11.79340162","26","27.94","11",NA,NA,NA,"Excellent","5-15",">85","116.0","cataracts + other eye problems, connective tissue, nerves, kidneys, spine, blood clotting disorders","Cataracts, Corneal dystrophy, Cutaneous asthenia (Ehlers-Danlos syndrome), Degenerative myelopathy, Familial kidney disease, Intervertebral disk disease, Persistent pupillary membranes (PPM), Retinal dysplasia, von Willebrand's disease","17789.5159","0.2068965517","586.5","budget","375.0","750.0","-","-","-","7.9221875","413.3599383","5063.659244","11939.35666","974.64136","784","121.0","126.0","244.0","177.0","116.0","200.0",NA,"http://www.vetstreet.com/dogs/pembroke-welsh-corgi#grooming","http://www.purina.com.au/sitecore/content/PurinaAustralia/Home/owning-a-dog/dog-breeds/Welsh-Corgi-Pembroke",NA
"59","Clumber Spaniel","sporting","2.44","133.0","82","18084.0","0.75","37.0","0.5632183908","10.0","0.2528735632","0.0","1","1033.33333333333","0.2643678161","466.3820615625","0.2298850575","2.0","0.75","1.0","1","3.813218391","59","44","2.438218391","133","medium","31.7514659","70","46.99","18.5",NA,NA,NA,"Above average","15-25",">70","301.0","none","none","14709.49834","0.7356321839","1033.333333","mid-price","800.0","1500.0","5.75","4.0","7.5","7.14819875","372.9751403","3729.751403","9746.4136","974.64136","784","121.0","126.0","244.0","177.0","116.0","200.0",NA,NA,NA,NA
"60","Dandie Dinmont Terrier","terrier","2.42","160.0","87","21633.0","0.26","62.0","0.2183908046","12.17","0.6666666667","0.0","1","925.0","0.3333333333","466.3820615625","0.2298850575","1.0","0.5","1.0","1","3.666666667","60","49","2.416666667","160","small","9.52543977","21","22.86","9","Only 2 for sale",NA,NA,"Fair","40-80",">30","62.0","none","none","17525.49281","0.2643678161","925","mid-price","850.0","1000.0","5.75","4.0","7.5","7.14819875","372.9751403","4539.107457","11861.38535","974.64136","784","121.0","126.0","244.0","177.0","116.0","200.0",NA,NA,NA,NA
"61","Saluki","hound","2.41","117.0","75","24866.0","0.07","43.0","0.4942528736","12.0","0.6091954023","0.0","1","1525.0","0.04597701149","709.7118328125","0.05747126437","1.0","0.5","1.0","1","3.655172414","61","50","2.405172414","117","medium",NA,NA,"58.42","23.0","lower end of range for males (23-28). females smaller",NA,NA,"Average","25-40",">50","132.0","none","none","20231.54671","0.04597701149","1525","high-end","1000.0","1800.0","8.75","7.5","10.0","10.87769375","567.5708656","6810.850388","11695.69632","974.64136","784","121.0","126.0","244.0","177.0","116.0","200.0",NA,NA,NA,NA
"62","Giant Schnauzer","working","2.38","95.0","70","26686.0","0.01","28.0","0.7356321839","10.0","0.2528735632","1.0","0.8888888889","810.0","0.4942528736","1348.65793125","0.01149425287","1.0","0.5","2.0","0.5","3.130268199","62","67","2.380268199","95","large","35.15340868","77.5","64.77","25.5",NA,NA,NA,"Above average","15-25",">70","39.0","hip problems","hip dysplasia","19023.61237","0.09195402299","810","mid-price","400.0","1500.0","-","-","-","15.844375","826.7198766","8267.198766","9746.4136","974.64136","784","121.0","126.0","244.0","177.0","116.0","200.0",NA,"http://www.vetstreet.com/dogs/giant-schnauzer#grooming","http://www.purina.com.au/sitecore/content/PurinaAustralia/Home/owning-a-dog/dog-breeds/Schnauzer-Giant",NA
"63","Greyhound","hound","2.29","140.0","85","15819.0","0.92","46.0","0.4252873563","9.36","0.1954022989","1.0","0.8888888889","1175.0","0.1379310345","324.439695","0.6781609195","2.0","0.75","1.0","1","3.667624521","63","48","2.292624521","140","large","29.48350405","65",NA,NA,NA,NA,NA,"Average","25-40",">50","74.0","blood vessel disorders","familial vasculopathy","12926.19778","0.908045977","1175","mid-price","200.0","2500.0","4","4.0","4.0","4.97266","259.4609672","2428.554653","9122.64313","974.64136","784","121.0","126.0","244.0","177.0","116.0","200.0",NA,NA,NA,NA
"64","Scottish Terrier","terrier","2.27","54.0","45","17525.0","0.78","65.0","0.183908046","10.69","0.367816092","1.0","0.8888888889","829.0","0.4712643678","324.439695","0.6781609195","1.0","0.5","2.0","0.5","3.01532567","64","71","2.26532567","54","small","9.0718474","20","25.4","10",NA,NA,NA,"Fair","40-80",">30","342.0","blood clotting disorder","von Willebrand's disease","14221.55388","0.7816091954","829","mid-price","400.0","2200.0","4","4.0","4.0","4.97266","259.4609672","2773.637739","10418.91614","974.64136","784","121.0","126.0","244.0","177.0","116.0","200.0",NA,NA,NA,NA
"65","Rottweiler","working","2.24","10.0","10","18886.0","0.66","9.0","0.908045977","9.11","0.1724137931","3.0","0.6666666667","1117.5","0.183908046","709.7118328125","0.05747126437","2.0","0.75","2.0","0.5","3.117816092","65","68","2.242816092","10","large",NA,NA,"62.23","24.5",NA,NA,NA,"Brightest","<5",">95","654.0","heart, elbow, hip problems","Subaortic stenosis, Elbow dysplasia - OCD of the elbow, Hip dysplasia","15367.05338","0.632183908","1117.5","mid-price","300.0","1800.0","8.75","7.5","10.0","10.87769375","567.5708656","5170.570586","8878.98279","974.64136","784","121.0","126.0","244.0","177.0","116.0","200.0",NA,NA,NA,NA
"66","Kerry Blue Terrier","terrier","2.13","124.0","78","17240.0","0.83","35.0","0.6091954023","9.4","0.2068965517","1.0","0.8888888889","1200.0","0.1149425287","466.3820615625","0.2298850575","1.0","0.5","2.0","0.5","2.877394636","66","76","2.127394636","124","medium","16.55612151","36.5","46.99","18.5",NA,NA,NA,"Above average","15-25",">70","353.0","heart problems","Patent ductus arteriosus (PDA)","14067.5951","0.816091954","1200","mid-price","900.0","1500.0","5.75","4.0","7.5","7.14819875","372.9751403","3505.966319","9161.628784","974.64136","784","121.0","126.0","244.0","177.0","116.0","200.0",NA,NA,NA,NA
"67","Afghan Hound","hound","2.08","88.0","66","24077.0","0.11","80.0","0.01149425287","11.92","0.5862068966","0.0","1","890.0","0.4022988506","709.7118328125","0.05747126437","1.0","0.5","1.0","1","3.327586207","67","60","2.077586207","88","large","24.94758035","55","66.04","26",NA,NA,NA,"Lowest","80-100","<25","154.0","none","none","19473.16973","0.08045977011","890","mid-price","450.0","1000.0","8.75","7.5","10.0","10.87769375","567.5708656","6765.444718","11617.72501","974.64136","784","121.0","126.0","244.0","177.0","116.0","200.0",NA,NA,NA,NA
"68","Newfoundland","working","2.07","43.0","37","19351.0","0.6","34.0","0.6436781609","9.32","0.183908046","2.0","0.7777777778","1177.5","0.1264367816","709.7118328125","0.05747126437","2.0","0.75","1.0","1","3.447318008","68","58","2.072318008","43","large","56.69904625","125","68.58","27",NA,NA,NA,"Above average","15-25",">70","340.0","hip problems, heart defects","subaortic stenosis, hip dysplasia","15750.91794","0.5747126437","1177.5","mid-price","500.0","2000.0","8.75","7.5","10.0","10.87769375","567.5708656","5289.760468","9083.657475","974.64136","784","121.0","126.0","244.0","177.0","116.0","200.0",NA,NA,NA,NA
"69","German Shepherd","herding","2.06","2.0","2","17416.0","0.8","3.0","0.9770114943","9.73","0.2413793103","8.0","0.1111111111","819.5","0.4827586207","466.3820615625","0.2298850575","2.0","0.75","2.0","0.5","2.935823755","69","74","2.060823755","2","large",NA,NA,"60.96","24",NA,NA,NA,"Brightest","<5",">95","795.0","nerves, pancreas, blood (hemophilia), hip joints","Degenerative myelopathy (nerve disorder), Exocrine pancreatic insufficiency, Hemophilia, Hip dysplasia, Renal cystadenocarcinoma and nodular dermatofibrosis, Pannus - chronic superficial keratitis, Panosteitis, Perianal fistula

","14131.80855","0.7931034483","819.5","mid-price","400.0","1495.0","5.75","4.0","7.5","7.14819875","372.9751403","3629.048115","9483.260433","974.64136","784","121.0","126.0","244.0","177.0","116.0","200.0",NA,NA,NA,NA
"70","Pekingese","toy","2.05","64.0","52","20565.0","0.4","74.0","0.08045977011","11.56","0.5057471264","1.0","0.8888888889","885.0","0.4137931034","466.3820615625","0.2298850575","1.0","0.5","2.0","0.5","2.796934866","70","78","2.046934866","64","small","5.89670081","13.0",NA,NA,"to weigh no more than 14 pounds",NA,NA,"Lowest","80-100","<25","94.0","knee problems","Patellar luxation","16663.44674","0.3908045977","885","mid-price","200.0","3800.0","5.75","4.0","7.5","7.14819875","372.9751403","4311.592622","11266.85412","974.64136","784","121.0","126.0","244.0","177.0","116.0","200.0",NA,NA,NA,NA
"71","Old English Sheepdog","herding","2.04","84.0","63","22611.0","0.15","63.0","0.2068965517","11.19","0.4367816092","1.0","0.8888888889","831.5","0.4597701149","709.7118328125","0.05747126437","1.0","0.5","1.0","1","3.291187739","71","61","2.041187739","84","medium",NA,NA,"55.88","22.0",NA,NA,NA,"Fair","40-80",">30","111.0","hip problems","hip dysplasia","18288.8548","0.1264367816","831.5","mid-price","500.0","1000.0","8.75","7.5","10.0","10.87769375","567.5708656","6351.117987","10906.23682","974.64136","784","121.0","126.0","244.0","177.0","116.0","200.0",NA,NA,NA,NA
"72","Akita","working","1.95","47.0","41","20994.0","0.37","54.0","0.3103448276","10.16","0.2988505747","1.0","0.8888888889","1201.5","0.1034482759","709.7118328125","0.05747126437","2.0","0.75","3.0","0.0","2.328544061","72","86","1.953544061","47","large",NA,NA,"66.04","26",NA,NA,NA,"Average","25-40",">50","192.0","hip problems","hip dysplasia","17070.37621","0.3333333333","1201.5","mid-price","565.0","1800.0","8.75","7.5","10.0","10.87769375","567.5708656","5766.519995","9902.356218","974.64136","784","121.0","126.0","244.0","177.0","116.0","200.0",NA,NA,NA,NA
"73","Rhodesian Ridgeback","hound","1.91","44.0","38","16530.0","0.85","52.0","0.3333333333","9.1","0.1609195402","2.0","0.7777777778","995.0","0.2873563218","466.3820615625","0.2298850575","2.0","0.75","2.0","0.5","2.780651341","73","79","1.905651341","44","large","35.15340868","77.5","64.77","25.5",NA,NA,NA,"Average","25-40",">50","10.0","birth defects, hip problems","dermoid sinus, Hip dysplasia","13458.31015","0.8505747126","995","mid-price","750.0","1300.0","5.75","4.0","7.5","7.14819875","372.9751403","3394.073777","8869.236376","974.64136","784","121.0","126.0","244.0","177.0","116.0","200.0",NA,NA,NA,NA
"74","French Bulldog","non-sporting","1.9","18.0","18","17266.0","0.82","58.0","0.275862069","9.0","0.1149425287","0.0","1","1900.0","0.03448275862","466.3820615625","0.2298850575","2.0","0.75","1.0","1","3.272988506","74","62","1.897988506","18","medium","12.24699399","27.0",NA,NA,"must weigh 28 pounds or less",NA,NA,"Fair","40-80",">30","71.0","none","none","14228.5485","0.7701149425","1900","high-end","1300.0","3500.0","5.75","4.0","7.5","7.14819875","372.9751403","3356.776263","8771.77224","974.64136","784","121.0","126.0","244.0","177.0","116.0","200.0",NA,NA,NA,NA
"75","Borzoi","hound","1.89","102.0","71","16176.0","0.87","76.0","0.05747126437","9.08","0.1494252874","0.0","1","675.0","0.6436781609","466.3820615625","0.2298850575","1.0","0.5","2.0","0.5","2.643678161","75","82","1.893678161","102","large","37.42137053","82.5","71.12","28.0","At least 28 in tall (males), 26 (females)",NA,NA,"Lowest","80-100","<25","87.0","none","none","13111.35782","0.8850574713","675","budget","300.0","1250.0","5.75","4.0","7.5","7.14819875","372.9751403","3386.614274","8849.743549","974.64136","784","121.0","126.0","244.0","177.0","116.0","200.0",NA,NA,NA,NA
"76","Bernese Mountain Dog","working","1.85","34.0","31","16099.0","0.89","22.0","0.7816091954","7.56","0.06896551724","4.0","0.5555555556","1320.0","0.08045977011","709.7118328125","0.05747126437","2.0","0.75","1.0","1","3.225095785","76","63","1.850095785","34","large",NA,NA,"64.135","25.25",NA,NA,NA,"Excellent","5-15",">85","701.0","meningitis, elbow + hip problems, complex immune disorder","Meningitis, Elbow dysplasia - OCD of the elbow, Hip dysplasia, Histiocytosis","13179.12443","0.8735632184","1320","mid-price","750.0","2500.0","8.75","7.5","10.0","10.87769375","567.5708656","4290.835744","7368.288682","974.64136","784","121.0","126.0","244.0","177.0","116.0","200.0",NA,NA,NA,NA
"77","Bull Terrier","terrier","1.85","51.0","44","18490.0","0.69","66.0","0.1724137931","10.21","0.3103448276","2.0","0.7777777778","1085.0","0.1954022989","466.3820615625","0.2298850575","2.0","0.75","2.0","0.5","2.723180077","77","80","1.848180077","51","medium","27.2155422","60","54.61","21.5",NA,NA,NA,"Fair","40-80",">30","225.0","heart problems, zinc metabolism disorder","lethal acrodermatitis, Mitral valve dysplasia","15044.16447","0.6781609195","1085","mid-price","300.0","1750.0","5.75","4.0","7.5","7.14819875","372.9751403","3808.076182","9951.088286","974.64136","784","121.0","126.0","244.0","177.0","116.0","200.0",NA,NA,NA,NA
"78","Boxer","working","1.83","7.0","7","15746.0","0.94","48.0","0.3908045977","8.81","0.1034482759","4.0","0.5555555556","700.0","0.5862068966","466.3820615625","0.2298850575","2.0","0.75","1.0","1","3.207854406","78","64","1.832854406","7","medium",NA,NA,"59.055","23.25",NA,NA,NA,"Average","25-40",">50","2112.0","eye, nerve, heart problems","Corneal dystrophy, Degenerative myelopathy, Dilated cardiomyopathy, Subaortic stenosis","12772.50137","0.9425287356","700","mid-price","300.0","2500.0","5.75","4.0","7.5","7.14819875","372.9751403","3285.910986","8586.590382","974.64136","784","121.0","126.0","244.0","177.0","116.0","200.0",NA,NA,NA,NA
"79","Alaskan Malamute","working","1.82","58.0","47","21986.0","0.23","50.0","0.3563218391","10.67","0.3563218391","2.0","0.7777777778","1209.5","0.09195402299","709.7118328125","0.05747126437","1.0","0.5","2.0","0.5","2.5651341","79","83","1.8151341","58","large","36.2873896","80","60.96","24","Longevity based on UK KC Survey 2004","UK Kennel Club survey 2004","http://www.thekennelclub.org.uk/item/549","Average","25-40",">50","14.0","hip problems, dwarfism","Hip dysplasia, Osteochondrodysplasia - skeletal dwarfism","17864.90445","0.183908046","1209.5","mid-price","550.0","2350.0","8.75","7.5","10.0","10.87769375","567.5708656","6055.981136","10399.42331","974.64136","784","121.0","126.0","244.0","177.0","116.0","200.0",NA,NA,NA,NA
"80","Chow Chow","non-sporting","1.76","68.0","54","15898.0","0.91","77.0","0.04597701149","9.01","0.1264367816","2.0","0.7777777778","515.0","0.8850574713","466.3820615625","0.2298850575","1.0","0.5","2.0","0.5","2.507662835","80","85","1.757662835","68","medium",NA,NA,"46.99","18.5",NA,NA,NA,"Lowest","80-100","<25","38.0","eye, hip problems","Entropion, Hip dysplasia","12857.02467","0.9195402299","515","budget","200.0","750.0","5.75","4.0","7.5","7.14819875","372.9751403","3360.506014","8781.518654","974.64136","784","121.0","126.0","244.0","177.0","116.0","200.0",NA,NA,NA,NA
"81","Bloodhound","hound","1.66","48.0","42","13824.0","0.98","75.0","0.06896551724","6.75","0.03448275862","2.0","0.7777777778","607.5","0.7586206897","709.7118328125","0.05747126437","2.0","0.75","2.0","0.5","2.539272031","81","84","1.664272031","48","large","38.55535145","85","63.5","25",NA,NA,NA,"Lowest","80-100","<25","82.0","fatal stomach bloat, skin problems","Gastric dilatation-volvulus, Hip dysplasia","11217.43252","0.9885057471","607.5","budget","200.0","1000.0","8.75","7.5","10.0","10.87769375","567.5708656","3831.103343","6578.82918","974.64136","784","121.0","126.0","244.0","177.0","116.0","200.0",NA,NA,NA,NA
"82","Irish Wolfhound","hound","1.66","79.0","60","18435.0","0.7","41.0","0.5287356322","6.94","0.04597701149","3.0","0.6666666667","1333.33333333333","0.06896551724","1216.64885625","0.02298850575","2.0","0.75","1.0","1","3.037356322","82","70","1.662356322","79","large",NA,NA,"81.28","32",NA,NA,NA,"Average","25-40",">50","121.0","heart, liver, hip problems","Dilated cardiomyopathy, Hip dysplasia, Portosystemic shunt","15049.81604","0.6666666667","1333.333333","mid-price","800.0","1550.0","15","15.0","15.0","18.647475","972.9786268","6752.47167","6764.011038","974.64136","784","121.0","126.0","244.0","177.0","116.0","200.0",NA,NA,NA,NA
"83","Bullmastiff","working","1.64","40.0","35","13936.0","0.97","69.0","0.1379310345","7.57","0.08045977011","2.0","0.7777777778","980.0","0.2988505747","466.3820615625","0.2298850575","2.0","0.75","1.0","1","3.010536398","83","72","1.635536398","40","large","52.16312255","115","64.77","25.5",NA,NA,NA,"Fair","40-80",">30","103.0","eye, hip problems","Entropion, Hip dysplasia","11381.45691","0.9655172414","980","mid-price","600.0","1600.0","5.75","4.0","7.5","7.14819875","372.9751403","2823.421812","7378.035095","974.64136","784","121.0","126.0","244.0","177.0","116.0","200.0",NA,NA,NA,NA
"84","Mastiff","working","1.57","28.0","28","13581.0","0.99","72.0","0.1034482759","6.5","0.02298850575","2.0","0.7777777778","900.0","0.3793103448","701.30212425","0.1954022989","2.0","0.75","1.0","1.0","2.941570881","84","73","1.566570881","28","large","79.37866475","175","76.2","30.0","min weight for dogs",NA,NA,"Lowest","80-100","<25","94.0","hip, heart problems","Hip dysplasia, Pulmonic stenosis","10229.48202","1","900","mid-price","150.0","1200.0","-","-","-","8.239075","429.8943358","2794.313183","6335.16884","974.64136","784","121.0","126.0","244.0","177.0","116.0","200.0",NA,"http://www.vetstreet.com/dogs/mastiff#grooming","http://www.purina.com.au/sitecore/content/PurinaAustralia/Home/owning-a-dog/dog-breeds/Mastiff",NA
"85","Great Dane","working","1.53","19.0","19","14662.0","0.95","48.0","0.3908045977","6.96","0.05747126437","4.0","0.5555555556","1040.0","0.2528735632","709.7118328125","0.05747126437","2.0","0.75","1.0","1","2.909003831","85","75","1.534003831","19","large",NA,NA,"76.2","30","min height for males",NA,NA,"Average","25-40",">50","667.0","heart, spinal, hip problems, fatal stomach bloat","Dilated cardiomyopathy, Cervical vertebral instability (Wobbler syndrome), Gastric dilatation-volvulus, Hip dysplasia","11973.79709","0.9540229885","1040","mid-price","500.0","2500.0","8.75","7.5","10.0","10.87769375","567.5708656","3950.293225","6783.503866","974.64136","784","121.0","126.0","244.0","177.0","116.0","200.0",NA,NA,NA,NA
"86","Saint Bernard","working","1.42","49.0","43","20022.0","0.52","65.0","0.183908046","7.78","0.09195402299","3.0","0.6666666667","875.0","0.4252873563","1216.64885625","0.02298850575","1.0","0.5","1.0","1","2.666666667","86","81","1.416666667","49","large","70.30681735","155","67.31","26.5",NA,NA,NA,"Fair","40-80",">30","93.0","heart, hip disorders, fatal stomach bloat","Dilated cardiomyopathy, Gastric dilatation-volvulus, Hip dysplasia","16227.4835","0.4827586207","875","mid-price","450.0","1500.0","15","15.0","15.0","18.647475","972.9786268","7569.773717","7582.709781","974.64136","784","121.0","126.0","244.0","177.0","116.0","200.0",NA,NA,NA,NA
"87","Bulldog","non-sporting","0.99","6.0","6","13479.0","1.0","78.0","0.03448275862","6.29","0.01149425287","5.0","0.4444444444","2680.0","0.01149425287","466.3820615625","0.2298850575","2.0","0.75","2.0","0.5","1.861111111","87","87","0.9861111111","6","medium","20.41165665","45",NA,NA,"English bulldog",NA,NA,"Lowest","80-100","<25","197.0","breathing, hip, heart problems, 'dry eye'","brachycephalic syndrome, Hip dysplasia, Keratoconjunctivitis sicca (KCS) - ""dry eye"", Pulmonic stenosis, Ventricular septal defect (VSD)","11356.50779","0.9770114943","2680","high-end","1500.0","5500.0","5.75","4.0","7.5","7.14819875","372.9751403","2346.013632","6130.494154","974.64136","784","121.0","126.0","244.0","177.0","116.0","200.0",NA,NA,NA,NA
"88","Airedale Terrier","terrier",NA,"55.0",NA,NA,NA,"29.0",NA,"11.45",NA,"1.0",NA,"732.5",NA,NA,NA,"-",NA,"-",NA,NA,NA,NA,NA,NA,"medium",NA,NA,"58.42","23.0",NA,NA,NA,"Above average","15-25",">70","307.0","hip problems","hip dysplasia",NA,NA,"732.5","mid-price","475.0","1200.0",NA,NA,NA,NA,NA,NA,"11159.64357","974.64136","784","121.0","126.0","244.0","177.0","116.0","200.0",NA,NA,NA,NA
"89","American English Coonhound","hound",NA,"33.0",NA,NA,NA,NA,NA,"11.5",NA,NA,NA,"283.333333333333",NA,NA,NA,"-",NA,"-",NA,NA,NA,NA,NA,NA,"large",NA,NA,"62.23","24.5","6 dogs for sale only",NA,NA,NA,NA,NA,"-",NA,NA,NA,NA,"283.3333333","budget","100.0","350.0",NA,NA,NA,NA,NA,NA,NA,"974.64136","784","121.0","126.0","244.0","177.0","116.0","200.0",NA,NA,NA,NA
"90","American Eskimo Dog","non-sporting",NA,"116.0",NA,NA,NA,NA,NA,NA,NA,"0.0",NA,"560.0",NA,NA,NA,"-",NA,"-",NA,NA,NA,NA,NA,NA,"small",NA,NA,"35.56","14",NA,NA,NA,NA,NA,NA,"-","none","none",NA,NA,"560","budget","300.0","950.0",NA,NA,NA,NA,NA,NA,NA,"974.64136","784","121.0","126.0","244.0","177.0","116.0","200.0",NA,NA,NA,NA
"91","American Foxhound","hound",NA,"173.0",NA,NA,NA,"46.0",NA,NA,NA,NA,NA,"757.142857142857",NA,NA,NA,"-",NA,"-",NA,NA,NA,NA,NA,NA,"medium",NA,NA,"58.42","23","Price: only 7 puppies listed for this breed",NA,NA,"Average","25-40",">50","-",NA,NA,NA,NA,"757.1428571","mid-price","250.0","1000.0",NA,NA,NA,NA,NA,NA,NA,"974.64136","784","121.0","126.0","244.0","177.0","116.0","200.0",NA,NA,NA,NA
"92","American Staffordshire Terrier","terrier",NA,"72.0",NA,NA,NA,"34.0",NA,NA,NA,"1.0",NA,"1043.0",NA,NA,NA,"-",NA,"-",NA,NA,NA,NA,NA,NA,"medium",NA,NA,"45.72","18",NA,NA,NA,"Above average","15-25",">70","-","skin problems","Demodicosis/ Demodectic mange",NA,NA,"1043","mid-price","250.0","1500.0",NA,NA,NA,NA,NA,NA,NA,"974.64136","784","121.0","126.0","244.0","177.0","116.0","200.0",NA,NA,NA,NA
"93","American Water Spaniel","sporting",NA,"157.0",NA,NA,NA,"44.0",NA,NA,NA,"0.0",NA,"730.0",NA,NA,NA,"-",NA,"-",NA,NA,NA,NA,NA,NA,"medium","15.87573295","35","41.91","16.5",NA,NA,NA,"Average","25-40",">50","-","none","none",NA,NA,"730","mid-price","600.0","1250.0",NA,NA,NA,NA,NA,NA,NA,"974.64136","784","121.0","126.0","244.0","177.0","116.0","200.0",NA,NA,NA,NA
"94","Anatolian Shepherd Dog","working",NA,"111.0",NA,NA,NA,NA,NA,"10.75",NA,NA,NA,NA,NA,NA,NA,"2.0",NA,"2.0",NA,NA,NA,NA,NA,NA,"large","52.16312255","115","71.12","28",NA,NA,NA,NA,NA,NA,"23.0",NA,NA,NA,NA,NA,NA,NA,NA,"8.75","7.5","10.0","10.87769375",NA,"6101.386806","10477.39462","974.64136","784","121.0","126.0","244.0","177.0","116.0","200.0",NA,NA,NA,NA
"95","Bearded Collie","herding",NA,"112.0",NA,NA,NA,"34.0",NA,"12.77",NA,"0.0",NA,NA,NA,NA,NA,"1.0",NA,"1.0",NA,NA,NA,NA,NA,NA,"medium",NA,NA,"53.34","21",NA,NA,NA,"Above average","15-25",">70","551.0","none","none",NA,NA,NA,NA,NA,NA,"5.75","4.0","7.5","7.14819875",NA,"4762.892541","12446.17017","974.64136","784","121.0","126.0","244.0","177.0","116.0","200.0",NA,NA,NA,NA
"96","Beauceron","herding",NA,"144.0",NA,NA,NA,NA,NA,NA,NA,NA,NA,"966.666666666667",NA,NA,NA,"-",NA,"-",NA,NA,NA,NA,NA,NA,"large",NA,NA,"65.405","25.75","3 dogs for sale only",NA,NA,NA,NA,NA,"-",NA,NA,NA,NA,"966.6666667","mid-price","950.0","1000.0",NA,NA,NA,NA,NA,NA,NA,"974.64136","784","121.0","126.0","244.0","177.0","116.0","200.0",NA,NA,NA,NA
"97","Belgian Malinois","herding",NA,"74.0",NA,NA,NA,"22.0",NA,NA,NA,"0.0",NA,"1080.0",NA,NA,NA,"2.0",NA,"1.0",NA,NA,NA,NA,NA,NA,"large",NA,NA,"60.96","24",NA,NA,NA,"Excellent","5-15",">85","-","none","none",NA,NA,"1080","mid-price","550.0","2000.0","5.75","4.0","7.5","7.14819875",NA,NA,NA,"974.64136","784","121.0","126.0","244.0","177.0","116.0","200.0",NA,NA,NA,NA
"98","Belgian Sheepdog","herding",NA,"118.0",NA,NA,NA,"15.0",NA,NA,NA,"4.0",NA,NA,NA,NA,NA,"-",NA,"-",NA,NA,NA,NA,NA,NA,"large",NA,NA,"60.96","24",NA,NA,NA,"Excellent","5-15",">85","-","cataracts + other eye problems, muscular dystrophy","Cataracts, Pannus - chronic superficial keratitis, Progressive retinal atrophy, X-linked muscular dystrophy",NA,NA,NA,NA,NA,NA,NA,NA,NA,NA,NA,NA,NA,"974.64136","784","121.0","126.0","244.0","177.0","116.0","200.0",NA,NA,NA,NA
"99","Black and Tan Coonhound","hound",NA,"109.0",NA,NA,NA,"44.0",NA,NA,NA,"0.0",NA,"325.0",NA,NA,NA,"-",NA,"-",NA,NA,NA,NA,NA,NA,"large",NA,NA,"63.5","25",NA,NA,NA,"Average","25-40",">50","-","none","none",NA,NA,"325","budget","200.0","500.0",NA,NA,NA,NA,NA,NA,NA,"974.64136","784","121.0","126.0","244.0","177.0","116.0","200.0",NA,NA,NA,NA
"100","Black Russian Terrier","working",NA,"128.0",NA,NA,NA,NA,NA,"1.83 - really?",NA,"0.0",NA,"2833.33333333333",NA,NA,NA,"-",NA,"-",NA,NA,NA,NA,NA,NA,"large",NA,NA,"71.12","28","3 dogs for sale only",NA,NA,NA,NA,NA,"4.0","none","none",NA,NA,"2833.333333","high-end","2500.0","3000.0",NA,NA,NA,NA,NA,NA,NA,"974.64136","784","121.0","126.0","244.0","177.0","116.0","200.0",NA,NA,NA,NA
"101","Bluetick Coonhound","hound",NA,"136.0",NA,NA,NA,NA,NA,NA,NA,"0.0",NA,"370.0",NA,NA,NA,"-",NA,"-",NA,NA,NA,NA,NA,NA,"large","28.34952313","62.5","60.96","24",NA,NA,NA,NA,NA,NA,"-","none","none",NA,NA,"370","budget","200.0","500.0",NA,NA,NA,NA,NA,NA,NA,"974.64136","784","121.0","126.0","244.0","177.0","116.0","200.0",NA,NA,NA,NA
"102","Boykin Spaniel","sporting",NA,"138.0",NA,NA,NA,NA,NA,NA,NA,NA,NA,"531.25",NA,NA,NA,"-",NA,"-",NA,NA,NA,NA,NA,NA,"medium",NA,NA,"40.64","16",NA,NA,NA,NA,NA,NA,"-",NA,NA,NA,NA,"531.25","budget","200.0","800.0",NA,NA,NA,NA,NA,NA,NA,"974.64136","784","121.0","126.0","244.0","177.0","116.0","200.0",NA,NA,NA,NA
"103","Canaan Dog","herding",NA,"168.0",NA,NA,NA,NA,NA,"14.67",NA,"0.0",NA,NA,NA,NA,NA,"2.0",NA,"1.0",NA,NA,NA,NA,NA,NA,"medium","20.41165665","45","54.61","21.5",NA,NA,NA,NA,NA,NA,"2.0","none","none",NA,NA,NA,NA,NA,NA,"5.75","4.0","7.5","7.14819875",NA,"5471.545308","14297.98875","974.64136","784","121.0","126.0","244.0","177.0","116.0","200.0",NA,NA,NA,NA
"104","Cane Corso","working",NA,"67.0",NA,NA,NA,NA,NA,NA,NA,NA,NA,"1070.0",NA,NA,NA,"-",NA,"-",NA,NA,NA,NA,NA,NA,"large",NA,NA,"63.5","25",NA,NA,NA,NA,NA,NA,"-",NA,NA,NA,NA,"1070","mid-price","900.0","1500.0",NA,NA,NA,NA,NA,NA,NA,"974.64136","784","121.0","126.0","244.0","177.0","116.0","200.0",NA,NA,NA,NA
"105","Cardigan Welsh Corgi","herding",NA,"81.0",NA,NA,NA,"26.0",NA,"12.7",NA,"0.0",NA,"828.0",NA,NA,NA,"-",NA,"-",NA,NA,NA,NA,NA,NA,"small","14.28815966","31.5","29.21","11.5",NA,NA,NA,"Excellent","5-15",">85","53.0","none","none",NA,NA,"828","mid-price","395.0","1085.0",NA,NA,NA,NA,NA,NA,"12377.94527","974.64136","784","121.0","126.0","244.0","177.0","116.0","200.0",NA,NA,NA,NA
"106","Cesky Terrier","terrier",NA,"106.0",NA,NA,NA,NA,NA,"8.42",NA,NA,NA,NA,NA,NA,NA,"2.0",NA,"1.0",NA,NA,NA,NA,NA,NA,"small","8.61825503","19","29.21","11.5",NA,NA,NA,NA,NA,NA,"9.0",NA,NA,NA,NA,NA,NA,NA,NA,"5.75","4.0","7.5","7.14819875",NA,"3140.450681","8206.480251","974.64136","784","121.0","126.0","244.0","177.0","116.0","200.0",NA,NA,NA,NA
"107","Chinese Crested","toy",NA,"61.0",NA,NA,NA,"61.0",NA,"10.08",NA,NA,NA,"537.5",NA,NA,NA,"-",NA,"-",NA,NA,NA,NA,NA,NA,"small",NA,NA,"30.48","12",NA,NA,NA,"Fair","40-80",">30","829.0",NA,NA,NA,NA,"537.5","budget","125.0","1300.0",NA,NA,NA,NA,NA,NA,"9824.384909","974.64136","784","121.0","126.0","244.0","177.0","116.0","200.0",NA,NA,NA,NA
"108","Chinese Shar Pei","non-sporting",NA,"50.0",NA,NA,NA,"51.0",NA,NA,NA,"4.0",NA,"840.0",NA,NA,NA,"-",NA,"-",NA,NA,NA,NA,NA,NA,"medium","23.81359943","52.5","48.26","19",NA,NA,NA,"Average","25-40",">50","-","canine hay fever, skin, eye, hip problems","Atopy, Demodicosis/ Demodectic mange, Entropion, Hip dysplasia",NA,NA,"840","mid-price","350.0","2000.0",NA,NA,NA,NA,NA,NA,NA,"974.64136","784","121.0","126.0","244.0","177.0","116.0","200.0",NA,NA,NA,NA
"109","Collie","herding",NA,"36.0",NA,NA,NA,"16.0",NA,NA,NA,"2.0",NA,"650.0",NA,NA,NA,"-",NA,"-",NA,NA,NA,NA,NA,NA,"large","28.34952313","62.5","60.96","24",NA,NA,NA,"Excellent","5-15",">85","-","eye, skin and muscle disorders","Collie eye anomaly (CEA), Dermatomyositis and ulcerative dermatosis",NA,NA,"650","budget","350.0","950.0",NA,NA,NA,NA,NA,NA,NA,"974.64136","784","121.0","126.0","244.0","177.0","116.0","200.0",NA,NA,NA,NA
"110","Curly Coated Retriever","sporting",NA,"154.0",NA,NA,NA,"41.0",NA,"10.75",NA,"0.0",NA,NA,NA,NA,NA,"2.0",NA,"2.0",NA,NA,NA,NA,NA,NA,"large",NA,NA,"63.5","25",NA,NA,NA,"Average","25-40",">50","40.0","none","none",NA,NA,NA,NA,NA,NA,"8.75","7.5","10.0","10.87769375",NA,"6101.386806","10477.39462","974.64136","784","121.0","126.0","244.0","177.0","116.0","200.0",NA,NA,NA,NA
"111","English Foxhound","hound",NA,"171.0",NA,NA,NA,"46.0",NA,NA,NA,"0.0",NA,NA,NA,NA,NA,"-",NA,"-",NA,NA,NA,NA,NA,NA,"large",NA,NA,"60.96","24.0",NA,NA,NA,"Average","25-40",">50","-","none","none",NA,NA,NA,NA,NA,NA,NA,NA,NA,NA,NA,NA,NA,"974.64136","784","121.0","126.0","244.0","177.0","116.0","200.0",NA,NA,NA,NA
"112","Entlebucher Mountain Dog","herding",NA,"146.0",NA,NA,NA,NA,NA,NA,NA,NA,NA,"1166.66666666667",NA,NA,NA,"-",NA,"-",NA,NA,NA,NA,NA,NA,"medium",NA,NA,"46.99","18.5","3 dogs for sale only",NA,NA,NA,NA,NA,"-",NA,NA,NA,NA,"1166.666667","mid-price","1000.0","1300.0",NA,NA,NA,NA,NA,NA,NA,"974.64136","784","121.0","126.0","244.0","177.0","116.0","200.0",NA,NA,NA,NA
"113","Field Spaniel","sporting",NA,"141.0",NA,NA,NA,"34.0",NA,"9.9",NA,"0.0",NA,NA,NA,NA,NA,"1.0",NA,"2.0",NA,NA,NA,NA,NA,NA,"medium",NA,NA,"44.45","17.5",NA,NA,NA,"Above average","15-25",">70","139.0","none","none",NA,NA,NA,NA,NA,NA,"5.75","4.0","7.5","7.14819875",NA,"3692.453889","9648.949464","974.64136","784","121.0","126.0","244.0","177.0","116.0","200.0",NA,NA,NA,NA
"114","Finnish Lapphund","herding",NA,"104.0",NA,NA,NA,NA,NA,"7.33",NA,NA,NA,NA,NA,NA,NA,"1.0",NA,"1.0",NA,NA,NA,NA,NA,NA,"medium",NA,NA,"46.99","18.5",NA,NA,NA,NA,NA,NA,"5.0",NA,NA,NA,NA,NA,NA,NA,NA,"5.75","4.0","7.5","7.14819875",NA,"2733.907778","7144.121169","974.64136","784","121.0","126.0","244.0","177.0","116.0","200.0",NA,NA,NA,NA
"115","Finnish Spitz","non-sporting",NA,"167.0",NA,NA,NA,"43.0",NA,"11.17",NA,"0.0",NA,NA,NA,NA,NA,"2.0",NA,"1.0",NA,NA,NA,NA,NA,NA,"medium",NA,NA,"45.085","17.75",NA,NA,NA,"Average","25-40",">50","42.0","none","none",NA,NA,NA,NA,NA,NA,"5.75","4.0","7.5","7.14819875",NA,"4166.132317","10886.74399","974.64136","784","121.0","126.0","244.0","177.0","116.0","200.0",NA,NA,NA,NA
"116","German Pinscher","working",NA,"137.0",NA,NA,NA,NA,NA,"11.42",NA,NA,NA,"1500.0",NA,NA,NA,"-",NA,"-",NA,NA,NA,NA,NA,NA,"medium",NA,NA,"46.99","18.5","only one dog for sale",NA,NA,NA,NA,NA,"24.0",NA,NA,NA,NA,"1500.0","high-end","1500.0","1500.0",NA,NA,NA,NA,NA,NA,"11130.40433","974.64136","784","121.0","126.0","244.0","177.0","116.0","200.0",NA,NA,NA,NA
"117","German Wirehaired Pointer","sporting",NA,"75.0",NA,NA,NA,"44.0",NA,"10.0",NA,"1.0",NA,"655.0",NA,NA,NA,"-",NA,"-",NA,NA,NA,NA,NA,NA,"large",NA,NA,"60.96","24",NA,NA,NA,"Average","25-40",">50","41.0","hip problems","hip dysplasia",NA,NA,"655","budget","600.0","800.0",NA,NA,NA,NA,NA,NA,"9746.4136","974.64136","784","121.0","126.0","244.0","177.0","116.0","200.0",NA,NA,NA,NA
"118","Glen of Imaal Terrier","terrier",NA,"158.0",NA,NA,NA,NA,NA,"10.42",NA,NA,NA,NA,NA,NA,NA,"-",NA,"-",NA,NA,NA,NA,NA,NA,"small","15.87573295","35.0","33.655","13.25",NA,NA,NA,NA,NA,NA,"6.0",NA,NA,NA,NA,NA,NA,NA,NA,NA,NA,NA,NA,NA,NA,"10155.76297","974.64136","784","121.0","126.0","244.0","177.0","116.0","200.0",NA,NA,NA,NA
"119","Great Pyrenees","working",NA,"71.0",NA,NA,NA,"64.0",NA,"10.0",NA,"1.0",NA,"502.5",NA,NA,NA,"-",NA,"-",NA,NA,NA,NA,NA,NA,"large",NA,NA,"72.39","28.5","Excludes death from accidents (10.47%), euthanasia for temperament problems (9.13%), and dogs euthanized within 8 weeks of birth (2.23%).   With those included, median longevity would probably be about 9 yrs.",NA,NA,"Fair","40-80",">30","454.0","hip problems","hip dysplasia",NA,NA,"502.5","budget","225.0","800.0",NA,NA,NA,NA,NA,NA,"9746.4136","974.64136","784","121.0","126.0","244.0","177.0","116.0","200.0",NA,NA,NA,NA
"120","Greater Swiss Mountain Dog","working",NA,"82.0",NA,NA,NA,NA,NA,"6.8",NA,"1.0",NA,"1605.0",NA,NA,NA,"-",NA,"-",NA,NA,NA,NA,NA,NA,"large",NA,NA,"66.04","26",NA,NA,NA,NA,NA,NA,"71.0","hip problems","hip dysplasia",NA,NA,"1605","high-end","900.0","2500.0",NA,NA,NA,NA,NA,NA,"6627.561248","974.64136","784","121.0","126.0","244.0","177.0","116.0","200.0",NA,NA,NA,NA
"121","Harrier","hound",NA,"172.0",NA,NA,NA,NA,NA,NA,NA,"0.0",NA,NA,NA,NA,NA,"-",NA,"-",NA,NA,NA,NA,NA,NA,"medium",NA,NA,"50.8","20",NA,NA,NA,NA,NA,NA,"-","none","none",NA,NA,NA,NA,NA,NA,NA,NA,NA,NA,NA,NA,NA,"974.64136","784","121.0","126.0","244.0","177.0","116.0","200.0",NA,NA,NA,NA
"122","Havanese","toy",NA,"31.0",NA,NA,NA,NA,NA,"10.25",NA,"0.0",NA,"829.5",NA,NA,NA,"-",NA,"-",NA,NA,NA,NA,NA,NA,"small",NA,NA,"24.765","9.75",NA,NA,NA,NA,NA,NA,"3.0","none","none",NA,NA,"829.5","mid-price","300.0","1500.0",NA,NA,NA,NA,NA,NA,"9990.07394","974.64136","784","121.0","126.0","244.0","177.0","116.0","200.0",NA,NA,NA,NA
"123","Ibizan Hound","hound",NA,"149.0",NA,NA,NA,"53.0",NA,NA,NA,"0.0",NA,"1500.0",NA,NA,NA,"2.0",NA,"1.0",NA,NA,NA,NA,NA,NA,"large",NA,NA,"63.5","25","Only 2 puppies for sale",NA,NA,"Average","25-40",">50","-","none","none",NA,NA,"1500.0","high-end","1500.0","1500.0","5.75","4.0","7.5","7.14819875",NA,NA,NA,"974.64136","784","121.0","126.0","244.0","177.0","116.0","200.0",NA,NA,NA,NA
"124","Icelandic Sheepdog","herding",NA,"143.0",NA,NA,NA,NA,NA,NA,NA,NA,NA,NA,NA,NA,NA,"-",NA,"-",NA,NA,NA,NA,NA,NA,"medium",NA,NA,"43.815","17.25",NA,NA,NA,NA,NA,NA,"-",NA,NA,NA,NA,NA,NA,NA,NA,NA,NA,NA,NA,NA,NA,NA,"974.64136","784","121.0","126.0","244.0","177.0","116.0","200.0",NA,NA,NA,NA
"125","Irish Red and White Setter","sporting",NA,"147.0",NA,NA,NA,NA,NA,"11.57",NA,NA,NA,"1000.0",NA,NA,NA,"-",NA,"-",NA,NA,NA,NA,NA,NA,"large",NA,NA,"61.595","24.25","only 2 dogs for sale",NA,NA,NA,NA,NA,"199.0",NA,NA,NA,NA,"1000.0","mid-price","1000.0","1000.0",NA,NA,NA,NA,NA,NA,"11276.60054","974.64136","784","121.0","126.0","244.0","177.0","116.0","200.0",NA,NA,NA,NA
"126","Irish Terrier","terrier",NA,"132.0",NA,NA,NA,"53.0",NA,NA,NA,"0.0",NA,"587.6",NA,NA,NA,"2.0",NA,"1.0",NA,NA,NA,NA,NA,NA,"medium","11.79340162","26","45.72","18",NA,NA,NA,"Average","25-40",">50","-","none","none",NA,NA,"587.6","budget","400.0","850.0","5.75","4.0","7.5","7.14819875",NA,NA,NA,"974.64136","784","121.0","126.0","244.0","177.0","116.0","200.0",NA,NA,NA,NA
"127","Irish Water Spaniel","sporting",NA,"150.0",NA,NA,NA,"24.0",NA,"9.33",NA,"1.0",NA,NA,NA,NA,NA,"2.0",NA,"1.0",NA,NA,NA,NA,NA,NA,"medium","24.94758035","55","57.15","22.5",NA,NA,NA,"Excellent","5-15",">85","95.0","hip problems","hip dysplasia",NA,NA,NA,NA,NA,NA,"8.75","7.5","10.0","10.87769375",NA,"5295.436176","9093.403889","974.64136","784","121.0","126.0","244.0","177.0","116.0","200.0",NA,NA,NA,NA
"128","Japanese Chin","toy",NA,"78.0",NA,NA,NA,"62.0",NA,"9.25",NA,"0.0",NA,"512.5",NA,NA,NA,"-",NA,"-",NA,NA,NA,NA,NA,NA,"small",NA,NA,"24.13","9.5",NA,NA,NA,"Fair","40-80",">30","38.0","none","none",NA,NA,"512.5","budget","200.0","800.0",NA,NA,NA,NA,NA,NA,"9015.43258","974.64136","784","121.0","126.0","244.0","177.0","116.0","200.0",NA,NA,NA,NA
"129","Keeshond","non-sporting",NA,"98.0",NA,NA,NA,"16.0",NA,"12.17",NA,"1.0",NA,"610.0",NA,NA,NA,"-",NA,"-",NA,NA,NA,NA,NA,NA,"medium",NA,NA,"44.45","17.5",NA,NA,NA,"Excellent","5-15",">85","104.0","hip problems","hip dysplasia",NA,NA,"610","budget","350.0","1000.0",NA,NA,NA,NA,NA,NA,"11861.38535","974.64136","784","121.0","126.0","244.0","177.0","116.0","200.0",NA,NA,NA,NA
"130","Komondor","working",NA,"166.0",NA,NA,NA,NA,NA,"9.17",NA,"1.0",NA,"656.25",NA,NA,NA,"-",NA,"-",NA,NA,NA,NA,NA,NA,"large","45.359237","100.0","69.85","27.5",NA,NA,NA,NA,NA,NA,"10.0","hip problems","hip dysplasia",NA,NA,"656.25","budget","500.0","850.0",NA,NA,NA,NA,NA,NA,"8937.461271","974.64136","784","121.0","126.0","244.0","177.0","116.0","200.0",NA,NA,NA,NA
"131","Kuvasz","working",NA,"148.0",NA,NA,NA,"42.0",NA,NA,NA,"1.0",NA,NA,NA,NA,NA,"-",NA,"-",NA,NA,NA,NA,NA,NA,"large","41.95729423","92.5","71.12","28",NA,NA,NA,"Average","25-40",">50","-","hip problems","hip dysplasia",NA,NA,NA,NA,NA,NA,NA,NA,NA,NA,NA,NA,NA,"974.64136","784","121.0","126.0","244.0","177.0","116.0","200.0",NA,NA,NA,NA
"132","Lakeland Terrier","terrier",NA,"135.0",NA,NA,NA,"62.0",NA,NA,NA,"0.0",NA,"1092.5",NA,NA,NA,"2.0",NA,"1.0",NA,NA,NA,NA,NA,NA,"small","7.71107029","17.0","36.83","14.5",NA,NA,NA,"Fair","40-80",">30","-","none","none",NA,NA,"1092.5","mid-price","575.0","1600.0","5.75","4.0","7.5","7.14819875",NA,NA,NA,"974.64136","784","121.0","126.0","244.0","177.0","116.0","200.0",NA,NA,NA,NA
"133","Leonberger","working",NA,"103.0",NA,"15141.0",NA,NA,NA,"6.98",NA,NA,NA,"1480.0",NA,NA,NA,"2.0",NA,"1.0",NA,NA,NA,NA,NA,NA,"large",NA,NA,"72.39","28.5","5 dogs for sale only",NA,NA,NA,NA,NA,"125.0",NA,NA,"12444.64133",NA,"1480","mid-price","700.0","1800.0","8.75","7.5","10.0","10.87769375",NA,"3961.644642","6802.996693","974.64136","784","121.0","126.0","244.0","177.0","116.0","200.0",NA,NA,NA,NA
"134","Looked - nothing",NA,NA,NA,NA,NA,NA,NA,NA,NA,NA,NA,NA,NA,NA,NA,NA,NA,NA,NA,NA,NA,NA,NA,NA,NA,NA,NA,NA,NA,NA,NA,NA,NA,NA,NA,NA,NA,NA,NA,NA,NA,NA,NA,NA,NA,NA,NA,NA,NA,NA,NA,NA,NA,NA,NA,NA,NA,NA,NA,NA,NA,NA,NA,NA
"135","Löwchen","non-sporting",NA,"152.0",NA,NA,NA,NA,NA,"10.0",NA,"0.0",NA,NA,NA,NA,NA,"-",NA,"-",NA,NA,NA,NA,NA,NA,"small",NA,NA,"33.02","13",NA,NA,NA,NA,NA,NA,"9.0","none","none",NA,NA,NA,NA,NA,NA,NA,NA,NA,NA,NA,NA,"9746.4136","974.64136","784","121.0","126.0","244.0","177.0","116.0","200.0",NA,NA,NA,NA
"136","Manchester Terrier","terrier",NA,"119.0",NA,NA,NA,"32.0",NA,"9.32",NA,"0.0",NA,"720.0",NA,NA,NA,"-",NA,"-",NA,NA,NA,NA,NA,NA,"small","7.71107029","17",NA,NA,"only 7 puppies for sale. weight for standard (not miniature)",NA,NA,"Above average","15-25",">70","142.0","none","none",NA,NA,"720","mid-price","140.0","1500.0",NA,NA,NA,NA,NA,NA,"9083.657475","974.64136","784","121.0","126.0","244.0","177.0","116.0","200.0",NA,NA,NA,NA
"137","Miniature Bull Terrier","terrier",NA,"127.0",NA,NA,NA,NA,NA,"6.6",NA,"0.0",NA,"1739.6",NA,NA,NA,"-",NA,"-",NA,NA,NA,NA,NA,NA,"small",NA,NA,"30.48","12",NA,NA,NA,NA,NA,NA,"73.0","none","none",NA,NA,"1739.6","high-end","999.0","2800.0",NA,NA,NA,NA,NA,NA,"6432.632976","974.64136","784","121.0","126.0","244.0","177.0","116.0","200.0",NA,NA,NA,NA
"138","Miniature Pinscher","toy",NA,"42.0",NA,NA,NA,"37.0",NA,NA,NA,"0.0",NA,"534.5",NA,NA,NA,"-",NA,"-",NA,NA,NA,NA,NA,NA,"small",NA,NA,"28.575","11.25",NA,NA,NA,"Above average","15-25",">70","-","none","none",NA,NA,"534.5","budget","300.0","900.0",NA,NA,NA,NA,NA,NA,NA,"974.64136","784","121.0","126.0","244.0","177.0","116.0","200.0",NA,NA,NA,NA
"139","Neapolitan Mastiff","working",NA,"110.0",NA,NA,NA,NA,NA,NA,NA,"1.0",NA,"1760.0",NA,NA,NA,"2.0",NA,"1.0",NA,NA,NA,NA,NA,NA,"large","58.9670081","130","69.85","27.5",NA,NA,NA,NA,NA,NA,"-","hip problems","hip dysplasia",NA,NA,"1760","high-end","850.0","3500.0","15","15.0","15.0","18.647475",NA,NA,NA,"974.64136","784","121.0","126.0","244.0","177.0","116.0","200.0",NA,NA,NA,NA
"140","Norwegian Buhund","herding",NA,"165.0",NA,NA,NA,NA,NA,"12.67",NA,NA,NA,NA,NA,NA,NA,"-",NA,"-",NA,NA,NA,NA,NA,NA,"medium","14.96854821","33","43.815","17.25",NA,NA,NA,NA,NA,NA,"17.0",NA,NA,NA,NA,NA,NA,NA,NA,NA,NA,NA,NA,NA,NA,"12348.70603","974.64136","784","121.0","126.0","244.0","177.0","116.0","200.0",NA,NA,NA,NA
"141","Norwegian Elkhound","hound",NA,"96.0",NA,NA,NA,"36.0",NA,NA,NA,"1.0",NA,"448.0",NA,NA,NA,"-",NA,"-",NA,NA,NA,NA,NA,NA,"medium","23.36000706","51.5","50.8","20","price: 5 puppies only",NA,NA,"Above average","15-25",">70","-","hip problems","hip dysplasia",NA,NA,"448","budget","350.0","500.0",NA,NA,NA,NA,NA,NA,NA,"974.64136","784","121.0","126.0","244.0","177.0","116.0","200.0",NA,NA,NA,NA
"142","Norwegian Lundehund","non-sporting",NA,"170.0",NA,NA,NA,NA,NA,NA,NA,NA,NA,NA,NA,NA,NA,"-",NA,"-",NA,NA,NA,NA,NA,NA,"small",NA,NA,"34.29","13.5",NA,NA,NA,NA,NA,NA,"-",NA,NA,NA,NA,NA,NA,NA,NA,NA,NA,NA,NA,NA,NA,NA,"974.64136","784","121.0","126.0","244.0","177.0","116.0","200.0",NA,NA,NA,NA
"143","Norwich Terrier","terrier",NA,"89.0",NA,NA,NA,"38.0",NA,NA,NA,"0.0",NA,"1245.0",NA,NA,NA,"2.0",NA,"2.0",NA,NA,NA,NA,NA,NA,"small","5.44310844","12.0","25.4","10.0",NA,NA,NA,"Above average","15-25",">70","-","none","none",NA,NA,"1245","mid-price","750.0","2000.0","5.75","4.0","7.5","7.14819875",NA,NA,NA,"974.64136","784","121.0","126.0","244.0","177.0","116.0","200.0",NA,NA,NA,NA
"144","NOT POSSIBLE IF NO INTELLIGENCE DATA",NA,NA,NA,NA,NA,NA,NA,NA,NA,NA,NA,NA,NA,NA,NA,NA,NA,NA,NA,NA,NA,NA,NA,NA,NA,NA,NA,NA,NA,NA,NA,NA,NA,NA,NA,NA,NA,NA,NA,NA,NA,NA,NA,NA,NA,NA,NA,NA,NA,NA,NA,NA,NA,NA,NA,NA,NA,NA,NA,NA,NA,NA,NA,NA
"145","Nova Scotia Duck Tolling Retriever","sporting",NA,"107.0",NA,"12653.0",NA,NA,NA,"6.5",NA,"1.0",NA,"1500.0",NA,NA,NA,"2.0",NA,"1.0",NA,NA,NA,NA,NA,NA,"medium",NA,NA,"48.26","19","4 dogs for sale only",NA,NA,NA,NA,NA,"150.0","hip problems","hip dysplasia","10459.50725",NA,"1500","high-end","1500.0","1500.0","5.75","4.0","7.5","7.14819875",NA,"2424.338412","6335.16884","974.64136","784","121.0","126.0","244.0","177.0","116.0","200.0",NA,NA,NA,NA
"146","Otterhound","hound",NA,"169.0",NA,NA,NA,"46.0",NA,"10.8",NA,"1.0",NA,NA,NA,NA,NA,"2.0",NA,"1.0",NA,NA,NA,NA,NA,NA,"large","44.22525608","97.5","64.77","25.5",NA,NA,NA,"Average","25-40",">50","41.0","hip problems","hip dysplasia",NA,NA,NA,NA,NA,NA,"5.75","4.0","7.5","7.14819875",NA,"4028.131515","10526.12669","974.64136","784","121.0","126.0","244.0","177.0","116.0","200.0",NA,NA,NA,NA
"147","Parson Russell Terrier","terrier",NA,"97.0",NA,NA,NA,NA,NA,NA,NA,"0.0",NA,"527.5",NA,NA,NA,"2.0",NA,"2.0",NA,NA,NA,NA,NA,NA,"small","6.80388555","15","34.29","13.5",NA,NA,NA,NA,NA,NA,"-","none","none",NA,NA,"527.5","budget","150.0","850.0","5.75","4.0","7.5","7.14819875",NA,NA,NA,"974.64136","784","121.0","126.0","244.0","177.0","116.0","200.0",NA,NA,NA,NA
"148","Petit Basset Griffon Vendeen","hound",NA,"131.0",NA,NA,NA,"62.0",NA,"12.7",NA,"0.0",NA,"400.0",NA,NA,NA,"-",NA,"-",NA,NA,NA,NA,NA,NA,"small",NA,NA,"35.56","14","price: 3 puppies for sale only",NA,NA,"Fair","40-80",">30","45.0","none","none",NA,NA,"400","budget","250.0","700.0",NA,NA,NA,NA,NA,NA,"12377.94527","974.64136","784","121.0","126.0","244.0","177.0","116.0","200.0",NA,NA,NA,NA
"149","Plott","hound",NA,"145.0",NA,NA,NA,NA,NA,NA,NA,"0.0",NA,NA,NA,NA,NA,"-",NA,"-",NA,NA,NA,NA,NA,NA,"medium","22.6796185","50","57.15","22.5",NA,NA,NA,NA,NA,NA,"-","none","none",NA,NA,NA,NA,NA,NA,NA,NA,NA,NA,NA,NA,NA,"974.64136","784","121.0","126.0","244.0","177.0","116.0","200.0",NA,NA,NA,NA
"150","Polish Lowland Sheepdog","herding",NA,"159.0",NA,NA,NA,NA,NA,"10.8",NA,NA,NA,NA,NA,NA,NA,"2.0",NA,"2.0",NA,NA,NA,NA,NA,NA,"medium",NA,NA,"46.99","18.5",NA,NA,NA,NA,NA,NA,"30.0",NA,NA,NA,NA,NA,NA,NA,NA,"5.75","4.0","7.5","7.14819875",NA,"4028.131515","10526.12669","974.64136","784","121.0","126.0","244.0","177.0","116.0","200.0",NA,NA,NA,NA
"151","Portuguese Water Dog","working",NA,"56.0",NA,NA,NA,NA,NA,"11.42",NA,"0.0",NA,NA,NA,NA,NA,"-",NA,"-",NA,NA,NA,NA,NA,NA,"medium","21.54563758","47.5","50.8","20",NA,NA,NA,NA,NA,NA,"6.0","none","none",NA,NA,NA,NA,NA,NA,NA,NA,NA,NA,NA,NA,"11130.40433","974.64136","784","121.0","126.0","244.0","177.0","116.0","200.0",NA,NA,NA,NA
"152","Puli","herding",NA,"156.0",NA,NA,NA,"27.0",NA,NA,NA,"0.0",NA,"912.5",NA,NA,NA,"-",NA,"-",NA,NA,NA,NA,NA,NA,"medium",NA,NA,"41.91","16.5",NA,NA,NA,"Above average","15-25",">70","-","none","none",NA,NA,"912.5","mid-price","700.0","1000.0",NA,NA,NA,NA,NA,NA,NA,"974.64136","784","121.0","126.0","244.0","177.0","116.0","200.0",NA,NA,NA,NA
"153","Pyrenean Shepherd","herding",NA,"162.0",NA,NA,NA,NA,NA,NA,NA,NA,NA,NA,NA,NA,NA,"-",NA,"-",NA,NA,NA,NA,NA,NA,"medium",NA,NA,"45.72","18",NA,NA,NA,NA,NA,NA,"-",NA,NA,NA,NA,NA,NA,NA,NA,NA,NA,NA,NA,NA,NA,NA,"974.64136","784","121.0","126.0","244.0","177.0","116.0","200.0",NA,NA,NA,NA
"154","Redbone Coonhound","hound",NA,"126.0",NA,NA,NA,NA,NA,NA,NA,"0.0",NA,"425.0",NA,NA,NA,"-",NA,"-",NA,NA,NA,NA,NA,NA,"large",NA,NA,"60.96","24",NA,NA,NA,NA,NA,NA,"-","none","none",NA,NA,"425","budget","300.0","700.0",NA,NA,NA,NA,NA,NA,NA,"974.64136","784","121.0","126.0","244.0","177.0","116.0","200.0",NA,NA,NA,NA
"155","Schipperke","non-sporting",NA,"105.0",NA,NA,NA,"15.0",NA,"13.0",NA,"4.0",NA,"657.5",NA,NA,NA,"-",NA,"-",NA,NA,NA,NA,NA,NA,"small",NA,NA,"29.21","11.5",NA,NA,NA,"Excellent","5-15",">85","36.0","hair loss, diabetes, skin problems","colour dilution alopecia, Diabetes mellitus, Follicular dysplasias, Pemphigus",NA,NA,"657.5","budget","300.0","975.0",NA,NA,NA,NA,NA,NA,"12670.33768","974.64136","784","121.0","126.0","244.0","177.0","116.0","200.0",NA,NA,NA,NA
"156","Scottish Deerhound","hound",NA,"142.0",NA,NA,NA,"47.0",NA,"8.7",NA,"2.0",NA,NA,NA,NA,NA,"-",NA,"-",NA,NA,NA,NA,NA,NA,"large","41.95729423","92.5",NA,NA,NA,NA,NA,"Average","25-40",">50","300.0","heart problems, fatal stomach bloat","Dilated cardiomyopathy, Gastric dilatation-volvulus",NA,NA,NA,NA,NA,NA,NA,NA,NA,NA,NA,NA,"8479.379832","974.64136","784","121.0","126.0","244.0","177.0","116.0","200.0",NA,NA,NA,NA
"157","Sealyham Terrier","terrier",NA,"163.0",NA,NA,NA,"56.0",NA,"12.25",NA,"1.0",NA,NA,NA,NA,NA,"-",NA,"-",NA,NA,NA,NA,NA,NA,"small","10.88621688","24.0","26.67","10.5",NA,NA,NA,"Fair","40-80",">30","12.0","eye problems","Retinal dysplasia",NA,NA,NA,NA,NA,NA,NA,NA,NA,NA,NA,NA,"11939.35666","974.64136","784","121.0","126.0","244.0","177.0","116.0","200.0",NA,NA,NA,NA
"158","Shiba Inu","non-sporting",NA,"53.0",NA,NA,NA,NA,NA,"7.0",NA,"1.0",NA,"890.0",NA,NA,NA,"-",NA,"-",NA,NA,NA,NA,NA,NA,"small","9.0718474","20","38.1","15",NA,NA,NA,NA,NA,NA,"3.0","hip problems","hip dysplasia",NA,NA,"890","mid-price","650.0","1400.0",NA,NA,NA,NA,NA,NA,"6822.48952","974.64136","784","121.0","126.0","244.0","177.0","116.0","200.0",NA,NA,NA,NA
"159","Silky Terrier","toy",NA,"85.0",NA,NA,NA,"37.0",NA,"14.25",NA,"0.0",NA,"447.5",NA,NA,NA,"-",NA,"-",NA,NA,NA,NA,NA,NA,"small","4.5359237","10.0","24.13","9.5",NA,NA,NA,"Above average","15-25",">70","3.0","none","none",NA,NA,"447.5","budget","250.0","500.0",NA,NA,NA,NA,NA,NA,"13888.63938","974.64136","784","121.0","126.0","244.0","177.0","116.0","200.0",NA,NA,NA,NA
"160","Skye Terrier","terrier",NA,"164.0",NA,NA,NA,"55.0",NA,"11.0",NA,"0.0",NA,"550.0",NA,NA,NA,"-",NA,"-",NA,NA,NA,NA,NA,NA,"small","18.1436948","40","24.765","9.75",NA,NA,NA,"Fair","40-80",">30","37.0","none","none",NA,NA,"550","budget","500.0","600.0",NA,NA,NA,NA,NA,NA,"10721.05496","974.64136","784","121.0","126.0","244.0","177.0","116.0","200.0",NA,NA,NA,NA
"161","Smooth Fox Terrier","terrier",NA,"113.0",NA,NA,NA,"40.0",NA,"13.17",NA,"0.0",NA,"575.0",NA,NA,NA,"-",NA,"-",NA,NA,NA,NA,NA,NA,"small","7.937866475","17.5","38.1","15.0","Longevity: All fox terriers. Size: a full-sized, well balanced dog should not exceed 15½ inches at the withers--the bitch being proportionately lower. A dog with these measurements should scale 18 pounds in show condition--a bitch weighing some two pounds less-with a margin of one pound either way.",NA,NA,"Average","25-40",">50","44.0","none","none",NA,NA,"575","budget","450.0","750.0",NA,NA,NA,NA,NA,NA,"12836.02671","974.64136","784","121.0","126.0","244.0","177.0","116.0","200.0",NA,NA,NA,NA
"162","Soft-Coated Wheaten Terrier","terrier",NA,"52.0",NA,NA,NA,"40.0",NA,"12.16",NA,"0.0",NA,"831.5",NA,NA,NA,"-",NA,"-",NA,NA,NA,NA,NA,NA,"medium","15.87573295","35","45.72","18",NA,NA,NA,"Average","25-40",">50","345.0","none","none",NA,NA,"831.5","mid-price","675.0","1000.0",NA,NA,NA,NA,NA,NA,"11851.63894","974.64136","784","121.0","126.0","244.0","177.0","116.0","200.0",NA,NA,NA,NA
"163","Spinone Italiano","sporting",NA,"123.0",NA,NA,NA,NA,NA,"9.0",NA,NA,NA,"1725.0",NA,NA,NA,"-",NA,"-",NA,NA,NA,NA,NA,NA,"large",NA,NA,"62.23","24.5","4 dogs for sale only",NA,NA,NA,NA,NA,"47.0",NA,NA,NA,NA,"1725","high-end","1100.0","2000.0",NA,NA,NA,NA,NA,NA,"8771.77224","974.64136","784","121.0","126.0","244.0","177.0","116.0","200.0",NA,NA,NA,NA
"164","Standard Schnauzer","working",NA,"91.0",NA,NA,NA,"18.0",NA,NA,NA,"1.0",NA,"855.0",NA,NA,NA,"-",NA,"-",NA,NA,NA,NA,NA,NA,"medium",NA,NA,"46.99","18.5",NA,NA,NA,"Excellent","5-15",">85","-","hip problems","hip dysplasia",NA,NA,"855","mid-price","50.0","1500.0",NA,NA,NA,NA,NA,NA,NA,"974.64136","784","121.0","126.0","244.0","177.0","116.0","200.0",NA,NA,NA,NA
"165","Sussex Spaniel","sporting",NA,"161.0",NA,NA,NA,NA,NA,"11.17",NA,"0.0",NA,NA,NA,NA,NA,"2.0",NA,"3.0",NA,NA,NA,NA,NA,NA,"small","18.1436948","40","35.56","14",NA,NA,NA,NA,NA,NA,"42.0","none","none",NA,NA,NA,NA,NA,NA,"5.75","4.0","7.5","7.14819875",NA,"4166.132317","10886.74399","974.64136","784","121.0","126.0","244.0","177.0","116.0","200.0",NA,NA,NA,NA
"166","Swedish Vallhund","herding",NA,"153.0",NA,"22839.0",NA,NA,NA,"14.17",NA,NA,NA,"772.222222222222",NA,NA,NA,"2.0",NA,"1.0",NA,NA,NA,NA,NA,NA,"small",NA,NA,"31.75","12.5",NA,NA,NA,NA,NA,NA,"7.0",NA,NA,"18459.4522",NA,"772.2222222","mid-price","550.0","1000.0","4","4.0","4.0","4.97266",NA,"3676.561905","13810.66807","974.64136","784","121.0","126.0","244.0","177.0","116.0","200.0",NA,NA,NA,NA
"167","Tibetan Mastiff","working",NA,"122.0",NA,"23747.0",NA,NA,NA,"11.92",NA,NA,NA,"3460.0",NA,NA,NA,"2.0",NA,"1.0",NA,NA,NA,NA,NA,NA,"large",NA,NA,"63.5","25","5 dogs for sale only",NA,NA,NA,NA,NA,"10.0",NA,NA,"19723.58868",NA,"3460","high-end","800.0","6500.0","5.75","4.0","7.5","7.14819875",NA,"4445.863672","11617.72501","974.64136","784","121.0","126.0","244.0","177.0","116.0","200.0",NA,NA,NA,NA
"168","Toy Fox Terrier","toy",NA,"101.0",NA,NA,NA,NA,NA,NA,NA,NA,NA,"460.0",NA,NA,NA,"-",NA,"-",NA,NA,NA,NA,NA,NA,"small",NA,NA,"25.4","10",NA,NA,NA,NA,NA,NA,"-",NA,NA,NA,NA,"460","budget","200.0","650.0",NA,NA,NA,NA,NA,NA,NA,"974.64136","784","121.0","126.0","244.0","177.0","116.0","200.0",NA,NA,NA,NA
"169","Vizsla","sporting",NA,"37.0",NA,NA,NA,"25.0",NA,"12.5",NA,"0.0",NA,"934.5",NA,NA,NA,"-",NA,"-",NA,NA,NA,NA,NA,NA,"medium",NA,NA,"57.15","22.5",NA,NA,NA,"Excellent","5-15",">85","6.0","none","none",NA,NA,"934.5","mid-price","800.0","1200.0",NA,NA,NA,NA,NA,NA,"12183.017","974.64136","784","121.0","126.0","244.0","177.0","116.0","200.0",NA,NA,NA,NA
"170","Weimaraner","sporting",NA,"32.0",NA,NA,NA,"21.0",NA,NA,NA,"1.0",NA,"562.0",NA,NA,NA,"2.0",NA,"1.0",NA,NA,NA,NA,NA,NA,"large",NA,NA,"63.5","25",NA,NA,NA,"Excellent","5-15",">85","-","hip problems","hip dysplasia",NA,NA,"562","budget","300.0","900.0","5.75","4.0","7.5","7.14819875",NA,NA,NA,"974.64136","784","121.0","126.0","244.0","177.0","116.0","200.0",NA,NA,NA,NA
"171","Welsh Terrier","terrier",NA,"99.0",NA,NA,NA,"53.0",NA,NA,NA,"0.0",NA,"842.5",NA,NA,NA,"2.0",NA,"1.0",NA,NA,NA,NA,NA,NA,"small","9.0718474","20.0","38.1","15.0",NA,NA,NA,"Average","25-40",">50","-","none","none",NA,NA,"842.5","mid-price","575.0","1250.0","4","4.0","4.0","4.97266",NA,NA,NA,"974.64136","784","121.0","126.0","244.0","177.0","116.0","200.0",NA,NA,NA,NA
"172","Wire Fox Terrier","terrier",NA,"100.0",NA,NA,NA,"51.0",NA,"13.17",NA,"0.0",NA,"667.5",NA,NA,NA,"-",NA,"-",NA,NA,NA,NA,NA,NA,"small","7.937866475","17.5","38.1","15.0","Longevity: All fox terriers. Should not exceed 15½ inches tall at the shoulder and 18 pounds.",NA,NA,"Average","25-40",">50","44.0","none","none",NA,NA,"667.5","budget","175.0","1600.0",NA,NA,NA,NA,NA,NA,"12836.02671","974.64136","784","121.0","126.0","244.0","177.0","116.0","200.0",NA,NA,NA,NA
"173","Wirehaired Pointing Griffon","sporting",NA,"92.0",NA,NA,NA,"46.0",NA,"8.8",NA,"0.0",NA,"755.0",NA,NA,NA,"-",NA,"-",NA,NA,NA,NA,NA,NA,"medium",NA,NA,"55.88","22",NA,NA,NA,"Average","25-40",">50","16.0","none","none",NA,NA,"755","mid-price","750.0","800.0",NA,NA,NA,NA,NA,NA,"8576.843968","974.64136","784","121.0","126.0","244.0","177.0","116.0","200.0",NA,NA,NA,NA
"174","Xoloitzcuintli","non-sporting",NA,"155.0",NA,NA,NA,NA,NA,NA,NA,NA,NA,"716.666666666667",NA,NA,NA,"-",NA,"-",NA,NA,NA,NA,NA,NA,"medium",NA,NA,"41.91","16.5",NA,NA,NA,NA,NA,NA,"-",NA,NA,NA,NA,"716.6666667","mid-price","300.0","2000.0",NA,NA,NA,NA,NA,NA,NA,"974.64136","784","121.0","126.0","244.0","177.0","116.0","200.0",NA,NA,NA,NA
